Year,StateID,State,Region,MetricID,MetricName,Population_Million,Subscribers_Million,Penetration_Per100,YoY_Growth_%
2010,1,Andhra Pradesh,South,1,Internet,45.69,4.198,9.19,
2011,1,Andhra Pradesh,South,1,Internet,46.24,5.945,12.86,41.62
2012,1,Andhra Pradesh,South,1,Internet,46.8,7.135,15.25,20.02
2013,1,Andhra Pradesh,South,1,Internet,47.36,10.093,21.31,41.46
2014,1,Andhra Pradesh,South,1,Internet,47.93,13.25,27.65,31.28
2015,1,Andhra Pradesh,South,1,Internet,48.5,15.109,31.15,14.03
2016,1,Andhra Pradesh,South,1,Internet,49.09,20.482,41.73,35.56
2017,1,Andhra Pradesh,South,1,Internet,49.67,25.452,51.24,24.27
2018,1,Andhra Pradesh,South,1,Internet,50.27,33.694,67.03,32.38
2019,1,Andhra Pradesh,South,1,Internet,50.87,40.632,79.87,20.59
2020,1,Andhra Pradesh,South,1,Internet,51.48,43.761,85.0,7.7
2021,1,Andhra Pradesh,South,1,Internet,52.1,44.286,85.0,1.2
2022,1,Andhra Pradesh,South,1,Internet,52.73,44.818,85.0,1.2
2023,1,Andhra Pradesh,South,1,Internet,53.36,45.356,85.0,1.2
2024,1,Andhra Pradesh,South,1,Internet,54.0,45.9,85.0,1.2
2010,1,Andhra Pradesh,South,2,Mobile,45.69,36.743,80.41,
2011,1,Andhra Pradesh,South,2,Mobile,46.24,36.706,79.38,-0.1
2012,1,Andhra Pradesh,South,2,Mobile,46.8,46.444,99.24,26.53
2013,1,Andhra Pradesh,South,2,Mobile,47.36,45.257,95.56,-2.56
2014,1,Andhra Pradesh,South,2,Mobile,47.93,51.437,107.32,13.66
2015,1,Andhra Pradesh,South,2,Mobile,48.5,57.085,117.69,10.98
2016,1,Andhra Pradesh,South,2,Mobile,49.09,61.561,125.42,7.84
2017,1,Andhra Pradesh,South,2,Mobile,49.67,64.576,130.0,4.9
2018,1,Andhra Pradesh,South,2,Mobile,50.27,65.351,130.0,1.2
2019,1,Andhra Pradesh,South,2,Mobile,50.87,66.135,130.0,1.2
2020,1,Andhra Pradesh,South,2,Mobile,51.48,66.929,130.0,1.2
2021,1,Andhra Pradesh,South,2,Mobile,52.1,67.732,130.0,1.2
2022,1,Andhra Pradesh,South,2,Mobile,52.73,68.545,130.0,1.2
2023,1,Andhra Pradesh,South,2,Mobile,53.36,69.368,130.0,1.2
2024,1,Andhra Pradesh,South,2,Mobile,54.0,70.2,130.0,1.2
2010,1,Andhra Pradesh,South,3,Telephone,45.69,1.599,3.5,
2011,1,Andhra Pradesh,South,3,Telephone,46.24,1.619,3.5,1.25
2012,1,Andhra Pradesh,South,3,Telephone,46.8,1.638,3.5,1.17
2013,1,Andhra Pradesh,South,3,Telephone,47.36,1.658,3.5,1.22
2014,1,Andhra Pradesh,South,3,Telephone,47.93,1.365,2.85,-17.67
2015,1,Andhra Pradesh,South,3,Telephone,48.5,1.325,2.73,-2.93
2016,1,Andhra Pradesh,South,3,Telephone,49.09,1.239,2.52,-6.49
2017,1,Andhra Pradesh,South,3,Telephone,49.67,1.089,2.19,-12.11
2018,1,Andhra Pradesh,South,3,Telephone,50.27,0.976,1.94,-10.38
2019,1,Andhra Pradesh,South,3,Telephone,50.87,0.887,1.74,-9.12
2020,1,Andhra Pradesh,South,3,Telephone,51.48,0.824,1.6,-7.1
2021,1,Andhra Pradesh,South,3,Telephone,52.1,0.875,1.68,6.19
2022,1,Andhra Pradesh,South,3,Telephone,52.73,0.803,1.52,-8.23
2023,1,Andhra Pradesh,South,3,Telephone,53.36,0.746,1.4,-7.1
2024,1,Andhra Pradesh,South,3,Telephone,54.0,0.685,1.27,-8.18
2010,2,Arunachal Pradesh,Northeast,1,Internet,1.35,0.078,5.77,
2011,2,Arunachal Pradesh,Northeast,1,Internet,1.37,0.105,7.65,34.62
2012,2,Arunachal Pradesh,Northeast,1,Internet,1.39,0.143,10.28,36.19
2013,2,Arunachal Pradesh,Northeast,1,Internet,1.4,0.176,12.57,23.08
2014,2,Arunachal Pradesh,Northeast,1,Internet,1.42,0.213,14.98,21.02
2015,2,Arunachal Pradesh,Northeast,1,Internet,1.44,0.278,19.34,30.52
2016,2,Arunachal Pradesh,Northeast,1,Internet,1.45,0.36,24.73,29.5
2017,2,Arunachal Pradesh,Northeast,1,Internet,1.47,0.453,30.75,25.83
2018,2,Arunachal Pradesh,Northeast,1,Internet,1.49,0.65,43.66,43.49
2019,2,Arunachal Pradesh,Northeast,1,Internet,1.51,0.664,44.03,2.15
2020,2,Arunachal Pradesh,Northeast,1,Internet,1.53,0.89,58.31,34.04
2021,2,Arunachal Pradesh,Northeast,1,Internet,1.54,0.976,63.22,9.66
2022,2,Arunachal Pradesh,Northeast,1,Internet,1.56,1.165,74.57,19.36
2023,2,Arunachal Pradesh,Northeast,1,Internet,1.58,1.225,77.46,5.15
2024,2,Arunachal Pradesh,Northeast,1,Internet,1.6,1.36,85.0,11.02
2010,2,Arunachal Pradesh,Northeast,2,Mobile,1.35,0.591,43.64,
2011,2,Arunachal Pradesh,Northeast,2,Mobile,1.37,0.656,47.86,11.0
2012,2,Arunachal Pradesh,Northeast,2,Mobile,1.39,0.835,60.21,27.29
2013,2,Arunachal Pradesh,Northeast,2,Mobile,1.4,0.93,66.29,11.38
2014,2,Arunachal Pradesh,Northeast,2,Mobile,1.42,0.889,62.59,-4.41
2015,2,Arunachal Pradesh,Northeast,2,Mobile,1.44,1.009,70.23,13.5
2016,2,Arunachal Pradesh,Northeast,2,Mobile,1.45,1.093,75.12,8.33
2017,2,Arunachal Pradesh,Northeast,2,Mobile,1.47,1.264,85.86,15.65
2018,2,Arunachal Pradesh,Northeast,2,Mobile,1.49,1.329,89.22,5.14
2019,2,Arunachal Pradesh,Northeast,2,Mobile,1.51,1.397,92.65,5.12
2020,2,Arunachal Pradesh,Northeast,2,Mobile,1.53,1.432,93.91,2.51
2021,2,Arunachal Pradesh,Northeast,2,Mobile,1.54,1.324,85.74,-7.54
2022,2,Arunachal Pradesh,Northeast,2,Mobile,1.56,1.402,89.75,5.89
2023,2,Arunachal Pradesh,Northeast,2,Mobile,1.58,1.432,90.54,2.14
2024,2,Arunachal Pradesh,Northeast,2,Mobile,1.6,1.59,99.4,11.03
2010,2,Arunachal Pradesh,Northeast,3,Telephone,1.35,0.033,2.41,
2011,2,Arunachal Pradesh,Northeast,3,Telephone,1.37,0.034,2.45,3.03
2012,2,Arunachal Pradesh,Northeast,3,Telephone,1.39,0.031,2.25,-8.82
2013,2,Arunachal Pradesh,Northeast,3,Telephone,1.4,0.026,1.84,-16.13
2014,2,Arunachal Pradesh,Northeast,3,Telephone,1.42,0.025,1.75,-3.85
2015,2,Arunachal Pradesh,Northeast,3,Telephone,1.44,0.025,1.72,0.0
2016,2,Arunachal Pradesh,Northeast,3,Telephone,1.45,0.022,1.5,-12.0
2017,2,Arunachal Pradesh,Northeast,3,Telephone,1.47,0.018,1.25,-18.18
2018,2,Arunachal Pradesh,Northeast,3,Telephone,1.49,0.017,1.16,-5.56
2019,2,Arunachal Pradesh,Northeast,3,Telephone,1.51,0.018,1.17,5.88
2020,2,Arunachal Pradesh,Northeast,3,Telephone,1.53,0.015,0.96,-16.67
2021,2,Arunachal Pradesh,Northeast,3,Telephone,1.54,0.016,1.02,6.67
2022,2,Arunachal Pradesh,Northeast,3,Telephone,1.56,0.013,0.83,-18.75
2023,2,Arunachal Pradesh,Northeast,3,Telephone,1.58,0.014,0.87,7.69
2024,2,Arunachal Pradesh,Northeast,3,Telephone,1.6,0.013,0.79,-7.14
2010,3,Assam,Northeast,1,Internet,30.12,1.591,5.28,
2011,3,Assam,Northeast,1,Internet,30.49,2.338,7.67,46.95
2012,3,Assam,Northeast,1,Internet,30.85,3.048,9.88,30.37
2013,3,Assam,Northeast,1,Internet,31.22,3.621,11.6,18.8
2014,3,Assam,Northeast,1,Internet,31.6,4.829,15.28,33.36
2015,3,Assam,Northeast,1,Internet,31.98,6.043,18.9,25.14
2016,3,Assam,Northeast,1,Internet,32.36,7.836,24.21,29.67
2017,3,Assam,Northeast,1,Internet,32.75,10.105,30.86,28.96
2018,3,Assam,Northeast,1,Internet,33.14,13.709,41.36,35.67
2019,3,Assam,Northeast,1,Internet,33.54,15.232,45.41,11.11
2020,3,Assam,Northeast,1,Internet,33.94,20.031,59.02,31.51
2021,3,Assam,Northeast,1,Internet,34.35,20.833,60.65,4.0
2022,3,Assam,Northeast,1,Internet,34.76,26.712,76.85,28.22
2023,3,Assam,Northeast,1,Internet,35.18,28.147,80.01,5.37
2024,3,Assam,Northeast,1,Internet,35.6,28.211,79.24,0.23
2010,3,Assam,Northeast,2,Mobile,30.12,14.019,46.54,
2011,3,Assam,Northeast,2,Mobile,30.49,16.031,52.59,14.35
2012,3,Assam,Northeast,2,Mobile,30.85,17.153,55.6,7.0
2013,3,Assam,Northeast,2,Mobile,31.22,17.935,57.44,4.56
2014,3,Assam,Northeast,2,Mobile,31.6,21.357,67.59,19.08
2015,3,Assam,Northeast,2,Mobile,31.98,22.976,71.85,7.58
2016,3,Assam,Northeast,2,Mobile,32.36,23.487,72.58,2.22
2017,3,Assam,Northeast,2,Mobile,32.75,28.665,87.53,22.05
2018,3,Assam,Northeast,2,Mobile,33.14,30.02,90.58,4.73
2019,3,Assam,Northeast,2,Mobile,33.54,31.439,93.74,4.73
2020,3,Assam,Northeast,2,Mobile,33.94,32.483,95.7,3.32
2021,3,Assam,Northeast,2,Mobile,34.35,30.012,87.37,-7.61
2022,3,Assam,Northeast,2,Mobile,34.76,33.918,97.57,13.01
2023,3,Assam,Northeast,2,Mobile,35.18,32.335,91.92,-4.67
2024,3,Assam,Northeast,2,Mobile,35.6,32.456,91.17,0.37
2010,3,Assam,Northeast,3,Telephone,30.12,0.753,2.5,
2011,3,Assam,Northeast,3,Telephone,30.49,0.694,2.28,-7.84
2012,3,Assam,Northeast,3,Telephone,30.85,0.602,1.95,-13.26
2013,3,Assam,Northeast,3,Telephone,31.22,0.628,2.01,4.32
2014,3,Assam,Northeast,3,Telephone,31.6,0.606,1.92,-3.5
2015,3,Assam,Northeast,3,Telephone,31.98,0.543,1.7,-10.4
2016,3,Assam,Northeast,3,Telephone,32.36,0.465,1.44,-14.36
2017,3,Assam,Northeast,3,Telephone,32.75,0.462,1.41,-0.65
2018,3,Assam,Northeast,3,Telephone,33.14,0.425,1.28,-8.01
2019,3,Assam,Northeast,3,Telephone,33.54,0.381,1.14,-10.35
2020,3,Assam,Northeast,3,Telephone,33.94,0.34,1.0,-10.76
2021,3,Assam,Northeast,3,Telephone,34.35,0.326,0.95,-4.12
2022,3,Assam,Northeast,3,Telephone,34.76,0.284,0.82,-12.88
2023,3,Assam,Northeast,3,Telephone,35.18,0.282,0.8,-0.7
2024,3,Assam,Northeast,3,Telephone,35.6,0.302,0.85,7.09
2010,4,Bihar,East,1,Internet,108.31,6.71,6.19,
2011,4,Bihar,East,1,Internet,109.61,9.228,8.42,37.53
2012,4,Bihar,East,1,Internet,110.93,11.884,10.71,28.78
2013,4,Bihar,East,1,Internet,112.26,15.202,13.54,27.92
2014,4,Bihar,East,1,Internet,113.61,20.288,17.86,33.46
2015,4,Bihar,East,1,Internet,114.97,27.328,23.77,34.7
2016,4,Bihar,East,1,Internet,116.35,33.322,28.64,21.93
2017,4,Bihar,East,1,Internet,117.75,44.736,37.99,34.25
2018,4,Bihar,East,1,Internet,119.16,56.691,47.58,26.72
2019,4,Bihar,East,1,Internet,120.59,66.74,55.35,17.73
2020,4,Bihar,East,1,Internet,122.04,81.972,67.17,22.82
2021,4,Bihar,East,1,Internet,123.5,83.889,67.93,2.34
2022,4,Bihar,East,1,Internet,124.98,95.568,76.46,13.92
2023,4,Bihar,East,1,Internet,126.48,107.51,85.0,12.5
2024,4,Bihar,East,1,Internet,128.0,108.8,85.0,1.2
2010,4,Bihar,East,2,Mobile,108.31,55.406,51.15,
2011,4,Bihar,East,2,Mobile,109.61,67.337,61.43,21.53
2012,4,Bihar,East,2,Mobile,110.93,70.686,63.72,4.97
2013,4,Bihar,East,2,Mobile,112.26,73.154,65.16,3.49
2014,4,Bihar,East,2,Mobile,113.61,80.672,71.01,10.28
2015,4,Bihar,East,2,Mobile,114.97,91.03,79.18,12.84
2016,4,Bihar,East,2,Mobile,116.35,110.632,95.09,21.53
2017,4,Bihar,East,2,Mobile,117.75,113.867,96.71,2.92
2018,4,Bihar,East,2,Mobile,119.16,113.022,94.85,-0.74
2019,4,Bihar,East,2,Mobile,120.59,121.231,100.53,7.26
2020,4,Bihar,East,2,Mobile,122.04,120.907,99.08,-0.27
2021,4,Bihar,East,2,Mobile,123.5,129.719,105.04,7.29
2022,4,Bihar,East,2,Mobile,124.98,130.922,104.75,0.93
2023,4,Bihar,East,2,Mobile,126.48,126.57,100.07,-3.32
2024,4,Bihar,East,2,Mobile,128.0,145.27,113.49,14.77
2010,4,Bihar,East,3,Telephone,108.31,3.042,2.81,
2011,4,Bihar,East,3,Telephone,109.61,3.042,2.78,0.0
2012,4,Bihar,East,3,Telephone,110.93,2.571,2.32,-15.48
2013,4,Bihar,East,3,Telephone,112.26,2.548,2.27,-0.89
2014,4,Bihar,East,3,Telephone,113.61,2.236,1.97,-12.24
2015,4,Bihar,East,3,Telephone,114.97,2.006,1.74,-10.29
2016,4,Bihar,East,3,Telephone,116.35,1.881,1.62,-6.23
2017,4,Bihar,East,3,Telephone,117.75,1.718,1.46,-8.67
2018,4,Bihar,East,3,Telephone,119.16,1.688,1.42,-1.75
2019,4,Bihar,East,3,Telephone,120.59,1.441,1.19,-14.63
2020,4,Bihar,East,3,Telephone,122.04,1.356,1.11,-5.9
2021,4,Bihar,East,3,Telephone,123.5,1.382,1.12,1.92
2022,4,Bihar,East,3,Telephone,124.98,1.203,0.96,-12.95
2023,4,Bihar,East,3,Telephone,126.48,1.241,0.98,3.16
2024,4,Bihar,East,3,Telephone,128.0,1.082,0.85,-12.81
2010,5,Chhattisgarh,Central,1,Internet,27.08,1.781,6.58,
2011,5,Chhattisgarh,Central,1,Internet,27.4,2.648,9.66,48.68
2012,5,Chhattisgarh,Central,1,Internet,27.73,3.442,12.41,29.98
2013,5,Chhattisgarh,Central,1,Internet,28.06,3.996,14.24,16.1
2014,5,Chhattisgarh,Central,1,Internet,28.4,5.712,20.11,42.94
2015,5,Chhattisgarh,Central,1,Internet,28.74,6.627,23.06,16.02
2016,5,Chhattisgarh,Central,1,Internet,29.09,9.383,32.26,41.59
2017,5,Chhattisgarh,Central,1,Internet,29.44,10.758,36.55,14.65
2018,5,Chhattisgarh,Central,1,Internet,29.79,14.724,49.43,36.87
2019,5,Chhattisgarh,Central,1,Internet,30.15,17.749,58.88,20.54
2020,5,Chhattisgarh,Central,1,Internet,30.51,20.754,68.03,16.93
2021,5,Chhattisgarh,Central,1,Internet,30.88,22.909,74.2,10.38
2022,5,Chhattisgarh,Central,1,Internet,31.25,26.559,85.0,15.93
2023,5,Chhattisgarh,Central,1,Internet,31.62,26.877,85.0,1.2
2024,5,Chhattisgarh,Central,1,Internet,32.0,27.2,85.0,1.2
2010,5,Chhattisgarh,Central,2,Mobile,27.08,13.718,50.66,
2011,5,Chhattisgarh,Central,2,Mobile,27.4,15.932,58.14,16.14
2012,5,Chhattisgarh,Central,2,Mobile,27.73,18.885,68.1,18.54
2013,5,Chhattisgarh,Central,2,Mobile,28.06,19.552,69.67,3.53
2014,5,Chhattisgarh,Central,2,Mobile,28.4,23.495,82.72,20.17
2015,5,Chhattisgarh,Central,2,Mobile,28.74,26.053,90.64,10.89
2016,5,Chhattisgarh,Central,2,Mobile,29.09,28.39,97.6,8.97
2017,5,Chhattisgarh,Central,2,Mobile,29.44,27.364,92.96,-3.61
2018,5,Chhattisgarh,Central,2,Mobile,29.79,28.164,94.54,2.92
2019,5,Chhattisgarh,Central,2,Mobile,30.15,29.381,97.46,4.32
2020,5,Chhattisgarh,Central,2,Mobile,30.51,33.961,111.32,15.59
2021,5,Chhattisgarh,Central,2,Mobile,30.88,34.994,113.34,3.04
2022,5,Chhattisgarh,Central,2,Mobile,31.25,35.953,115.07,2.74
2023,5,Chhattisgarh,Central,2,Mobile,31.62,36.237,114.6,0.79
2024,5,Chhattisgarh,Central,2,Mobile,32.0,35.182,109.94,-2.91
2010,5,Chhattisgarh,Central,3,Telephone,27.08,0.833,3.08,
2011,5,Chhattisgarh,Central,3,Telephone,27.4,0.769,2.81,-7.68
2012,5,Chhattisgarh,Central,3,Telephone,27.73,0.706,2.55,-8.19
2013,5,Chhattisgarh,Central,3,Telephone,28.06,0.705,2.51,-0.14
2014,5,Chhattisgarh,Central,3,Telephone,28.4,0.598,2.1,-15.18
2015,5,Chhattisgarh,Central,3,Telephone,28.74,0.599,2.08,0.17
2016,5,Chhattisgarh,Central,3,Telephone,29.09,0.531,1.83,-11.35
2017,5,Chhattisgarh,Central,3,Telephone,29.44,0.505,1.72,-4.9
2018,5,Chhattisgarh,Central,3,Telephone,29.79,0.41,1.38,-18.81
2019,5,Chhattisgarh,Central,3,Telephone,30.15,0.386,1.28,-5.85
2020,5,Chhattisgarh,Central,3,Telephone,30.51,0.387,1.27,0.26
2021,5,Chhattisgarh,Central,3,Telephone,30.88,0.341,1.1,-11.89
2022,5,Chhattisgarh,Central,3,Telephone,31.25,0.341,1.09,0.0
2023,5,Chhattisgarh,Central,3,Telephone,31.62,0.322,1.02,-5.57
2024,5,Chhattisgarh,Central,3,Telephone,32.0,0.293,0.91,-9.01
2010,6,Goa,West,1,Internet,1.35,0.112,8.27,
2011,6,Goa,West,1,Internet,1.37,0.17,12.37,51.79
2012,6,Goa,West,1,Internet,1.39,0.209,15.1,22.94
2013,6,Goa,West,1,Internet,1.4,0.253,18.05,21.05
2014,6,Goa,West,1,Internet,1.42,0.317,22.31,25.3
2015,6,Goa,West,1,Internet,1.44,0.464,32.31,46.37
2016,6,Goa,West,1,Internet,1.45,0.553,38.01,19.18
2017,6,Goa,West,1,Internet,1.47,0.728,49.45,31.65
2018,6,Goa,West,1,Internet,1.49,0.977,65.61,34.2
2019,6,Goa,West,1,Internet,1.51,1.167,77.43,19.45
2020,6,Goa,West,1,Internet,1.53,1.297,85.0,11.14
2021,6,Goa,West,1,Internet,1.54,1.312,85.0,1.16
2022,6,Goa,West,1,Internet,1.56,1.328,85.0,1.22
2023,6,Goa,West,1,Internet,1.58,1.344,85.0,1.2
2024,6,Goa,West,1,Internet,1.6,1.36,85.0,1.19
2010,6,Goa,West,2,Mobile,1.35,1.005,74.22,
2011,6,Goa,West,2,Mobile,1.37,1.081,78.9,7.56
2012,6,Goa,West,2,Mobile,1.39,1.211,87.31,12.03
2013,6,Goa,West,2,Mobile,1.4,1.384,98.61,14.29
2014,6,Goa,West,2,Mobile,1.42,1.504,105.91,8.67
2015,6,Goa,West,2,Mobile,1.44,1.723,119.9,14.56
2016,6,Goa,West,2,Mobile,1.45,1.601,110.12,-7.08
2017,6,Goa,West,2,Mobile,1.47,1.913,130.0,19.49
2018,6,Goa,West,2,Mobile,1.49,1.888,126.79,-1.31
2019,6,Goa,West,2,Mobile,1.51,1.96,130.0,3.81
2020,6,Goa,West,2,Mobile,1.53,1.983,130.0,1.17
2021,6,Goa,West,2,Mobile,1.54,2.007,130.0,1.21
2022,6,Goa,West,2,Mobile,1.56,2.031,130.0,1.2
2023,6,Goa,West,2,Mobile,1.58,2.055,130.0,1.18
2024,6,Goa,West,2,Mobile,1.6,2.08,130.0,1.22
2010,6,Goa,West,3,Telephone,1.35,0.047,3.5,
2011,6,Goa,West,3,Telephone,1.37,0.048,3.5,2.13
2012,6,Goa,West,3,Telephone,1.39,0.045,3.23,-6.25
2013,6,Goa,West,3,Telephone,1.4,0.041,2.91,-8.89
2014,6,Goa,West,3,Telephone,1.42,0.037,2.62,-9.76
2015,6,Goa,West,3,Telephone,1.44,0.038,2.67,2.7
2016,6,Goa,West,3,Telephone,1.45,0.035,2.44,-7.89
2017,6,Goa,West,3,Telephone,1.47,0.033,2.21,-5.71
2018,6,Goa,West,3,Telephone,1.49,0.027,1.84,-18.18
2019,6,Goa,West,3,Telephone,1.51,0.025,1.64,-7.41
2020,6,Goa,West,3,Telephone,1.53,0.025,1.63,0.0
2021,6,Goa,West,3,Telephone,1.54,0.023,1.5,-8.0
2022,6,Goa,West,3,Telephone,1.56,0.021,1.37,-8.7
2023,6,Goa,West,3,Telephone,1.58,0.021,1.33,0.0
2024,6,Goa,West,3,Telephone,1.6,0.019,1.17,-9.52
2010,7,Gujarat,West,1,Internet,59.23,5.362,9.05,
2011,7,Gujarat,West,1,Internet,59.94,7.441,12.41,38.77
2012,7,Gujarat,West,1,Internet,60.66,9.594,15.81,28.93
2013,7,Gujarat,West,1,Internet,61.39,12.2,19.87,27.16
2014,7,Gujarat,West,1,Internet,62.13,14.705,23.67,20.53
2015,7,Gujarat,West,1,Internet,62.87,17.571,27.95,19.49
2016,7,Gujarat,West,1,Internet,63.63,23.852,37.49,35.75
2017,7,Gujarat,West,1,Internet,64.39,29.828,46.32,25.05
2018,7,Gujarat,West,1,Internet,65.17,38.053,58.39,27.57
2019,7,Gujarat,West,1,Internet,65.95,46.149,69.98,21.28
2020,7,Gujarat,West,1,Internet,66.74,53.433,80.06,15.78
2021,7,Gujarat,West,1,Internet,67.54,57.408,85.0,7.44
2022,7,Gujarat,West,1,Internet,68.35,58.097,85.0,1.2
2023,7,Gujarat,West,1,Internet,69.17,58.794,85.0,1.2
2024,7,Gujarat,West,1,Internet,70.0,59.5,85.0,1.2
2010,7,Gujarat,West,2,Mobile,59.23,42.899,72.42,
2011,7,Gujarat,West,2,Mobile,59.94,46.409,77.42,8.18
2012,7,Gujarat,West,2,Mobile,60.66,53.578,88.32,15.45
2013,7,Gujarat,West,2,Mobile,61.39,62.105,101.16,15.92
2014,7,Gujarat,West,2,Mobile,62.13,60.126,96.78,-3.19
2015,7,Gujarat,West,2,Mobile,62.87,69.894,111.16,16.25
2016,7,Gujarat,West,2,Mobile,63.63,77.058,121.1,10.25
2017,7,Gujarat,West,2,Mobile,64.39,83.71,130.0,8.63
2018,7,Gujarat,West,2,Mobile,65.17,84.715,130.0,1.2
2019,7,Gujarat,West,2,Mobile,65.95,85.731,130.0,1.2
2020,7,Gujarat,West,2,Mobile,66.74,86.76,130.0,1.2
2021,7,Gujarat,West,2,Mobile,67.54,87.801,130.0,1.2
2022,7,Gujarat,West,2,Mobile,68.35,88.855,130.0,1.2
2023,7,Gujarat,West,2,Mobile,69.17,89.921,130.0,1.2
2024,7,Gujarat,West,2,Mobile,70.0,91.0,130.0,1.2
2010,7,Gujarat,West,3,Telephone,59.23,2.073,3.5,
2011,7,Gujarat,West,3,Telephone,59.94,2.096,3.5,1.11
2012,7,Gujarat,West,3,Telephone,60.66,2.028,3.34,-3.24
2013,7,Gujarat,West,3,Telephone,61.39,1.805,2.94,-11.0
2014,7,Gujarat,West,3,Telephone,62.13,1.736,2.79,-3.82
2015,7,Gujarat,West,3,Telephone,62.87,1.584,2.52,-8.76
2016,7,Gujarat,West,3,Telephone,63.63,1.343,2.11,-15.21
2017,7,Gujarat,West,3,Telephone,64.39,1.297,2.01,-3.43
2018,7,Gujarat,West,3,Telephone,65.17,1.276,1.96,-1.62
2019,7,Gujarat,West,3,Telephone,65.95,1.065,1.61,-16.54
2020,7,Gujarat,West,3,Telephone,66.74,1.063,1.59,-0.19
2021,7,Gujarat,West,3,Telephone,67.54,1.07,1.58,0.66
2022,7,Gujarat,West,3,Telephone,68.35,0.975,1.43,-8.88
2023,7,Gujarat,West,3,Telephone,69.17,0.831,1.2,-14.77
2024,7,Gujarat,West,3,Telephone,70.0,0.896,1.28,7.82
2010,8,Haryana,North,1,Internet,24.54,2.088,8.51,
2011,8,Haryana,North,1,Internet,24.83,2.614,10.53,25.19
2012,8,Haryana,North,1,Internet,25.13,3.753,14.93,43.57
2013,8,Haryana,North,1,Internet,25.43,4.952,19.47,31.95
2014,8,Haryana,North,1,Internet,25.74,6.052,23.51,22.21
2015,8,Haryana,North,1,Internet,26.05,7.348,28.21,21.41
2016,8,Haryana,North,1,Internet,26.36,9.185,34.84,25.0
2017,8,Haryana,North,1,Internet,26.68,13.491,50.57,46.88
2018,8,Haryana,North,1,Internet,27.0,15.004,55.58,11.21
2019,8,Haryana,North,1,Internet,27.32,18.157,66.46,21.01
2020,8,Haryana,North,1,Internet,27.65,23.233,84.03,27.96
2021,8,Haryana,North,1,Internet,27.98,23.783,85.0,2.37
2022,8,Haryana,North,1,Internet,28.32,24.069,85.0,1.2
2023,8,Haryana,North,1,Internet,28.66,24.358,85.0,1.2
2024,8,Haryana,North,1,Internet,29.0,24.65,85.0,1.2
2010,8,Haryana,North,2,Mobile,24.54,15.96,65.04,
2011,8,Haryana,North,2,Mobile,24.83,17.624,70.97,10.43
2012,8,Haryana,North,2,Mobile,25.13,21.266,84.61,20.67
2013,8,Haryana,North,2,Mobile,25.43,24.047,94.55,13.08
2014,8,Haryana,North,2,Mobile,25.74,25.154,97.73,4.6
2015,8,Haryana,North,2,Mobile,26.05,28.999,111.33,15.29
2016,8,Haryana,North,2,Mobile,26.36,27.912,105.89,-3.75
2017,8,Haryana,North,2,Mobile,26.68,33.088,124.03,18.54
2018,8,Haryana,North,2,Mobile,27.0,33.809,125.23,2.18
2019,8,Haryana,North,2,Mobile,27.32,34.968,127.99,3.43
2020,8,Haryana,North,2,Mobile,27.65,35.943,130.0,2.79
2021,8,Haryana,North,2,Mobile,27.98,36.375,130.0,1.2
2022,8,Haryana,North,2,Mobile,28.32,36.811,130.0,1.2
2023,8,Haryana,North,2,Mobile,28.66,37.253,130.0,1.2
2024,8,Haryana,North,2,Mobile,29.0,37.7,130.0,1.2
2010,8,Haryana,North,3,Telephone,24.54,0.819,3.34,
2011,8,Haryana,North,3,Telephone,24.83,0.837,3.37,2.2
2012,8,Haryana,North,3,Telephone,25.13,0.751,2.99,-10.27
2013,8,Haryana,North,3,Telephone,25.43,0.741,2.91,-1.33
2014,8,Haryana,North,3,Telephone,25.74,0.652,2.53,-12.01
2015,8,Haryana,North,3,Telephone,26.05,0.575,2.21,-11.81
2016,8,Haryana,North,3,Telephone,26.36,0.533,2.02,-7.3
2017,8,Haryana,North,3,Telephone,26.68,0.524,1.96,-1.69
2018,8,Haryana,North,3,Telephone,27.0,0.483,1.79,-7.82
2019,8,Haryana,North,3,Telephone,27.32,0.445,1.63,-7.87
2020,8,Haryana,North,3,Telephone,27.65,0.388,1.4,-12.81
2021,8,Haryana,North,3,Telephone,27.98,0.394,1.41,1.55
2022,8,Haryana,North,3,Telephone,28.32,0.349,1.23,-11.42
2023,8,Haryana,North,3,Telephone,28.66,0.326,1.14,-6.59
2024,8,Haryana,North,3,Telephone,29.0,0.341,1.18,4.6
2010,9,Himachal Pradesh,North,1,Internet,6.35,0.514,8.1,
2011,9,Himachal Pradesh,North,1,Internet,6.42,0.721,11.22,40.27
2012,9,Himachal Pradesh,North,1,Internet,6.5,1.008,15.5,39.81
2013,9,Himachal Pradesh,North,1,Internet,6.58,1.112,16.9,10.32
2014,9,Himachal Pradesh,North,1,Internet,6.66,1.438,21.6,29.32
2015,9,Himachal Pradesh,North,1,Internet,6.74,1.889,28.04,31.36
2016,9,Himachal Pradesh,North,1,Internet,6.82,2.658,38.99,40.71
2017,9,Himachal Pradesh,North,1,Internet,6.9,3.405,49.36,28.1
2018,9,Himachal Pradesh,North,1,Internet,6.98,4.303,61.63,26.37
2019,9,Himachal Pradesh,North,1,Internet,7.07,4.699,66.51,9.2
2020,9,Himachal Pradesh,North,1,Internet,7.15,6.078,85.0,29.35
2021,9,Himachal Pradesh,North,1,Internet,7.24,6.151,85.0,1.2
2022,9,Himachal Pradesh,North,1,Internet,7.32,6.225,85.0,1.2
2023,9,Himachal Pradesh,North,1,Internet,7.41,6.299,85.0,1.19
2024,9,Himachal Pradesh,North,1,Internet,7.5,6.375,85.0,1.21
2010,9,Himachal Pradesh,North,2,Mobile,6.35,4.285,67.51,
2011,9,Himachal Pradesh,North,2,Mobile,6.42,5.083,79.14,18.62
2012,9,Himachal Pradesh,North,2,Mobile,6.5,5.71,87.85,12.34
2013,9,Himachal Pradesh,North,2,Mobile,6.58,5.608,85.26,-1.79
2014,9,Himachal Pradesh,North,2,Mobile,6.66,6.783,101.9,20.95
2015,9,Himachal Pradesh,North,2,Mobile,6.74,7.6,112.82,12.04
2016,9,Himachal Pradesh,North,2,Mobile,6.82,7.512,110.19,-1.16
2017,9,Himachal Pradesh,North,2,Mobile,6.9,8.458,122.6,12.59
2018,9,Himachal Pradesh,North,2,Mobile,6.98,9.077,130.0,7.32
2019,9,Himachal Pradesh,North,2,Mobile,7.07,9.185,130.0,1.19
2020,9,Himachal Pradesh,North,2,Mobile,7.15,9.296,130.0,1.21
2021,9,Himachal Pradesh,North,2,Mobile,7.24,9.407,130.0,1.19
2022,9,Himachal Pradesh,North,2,Mobile,7.32,9.52,130.0,1.2
2023,9,Himachal Pradesh,North,2,Mobile,7.41,9.482,127.94,-0.4
2024,9,Himachal Pradesh,North,2,Mobile,7.5,9.75,130.0,2.83
2010,9,Himachal Pradesh,North,3,Telephone,6.35,0.222,3.5,
2011,9,Himachal Pradesh,North,3,Telephone,6.42,0.211,3.28,-4.95
2012,9,Himachal Pradesh,North,3,Telephone,6.5,0.192,2.95,-9.0
2013,9,Himachal Pradesh,North,3,Telephone,6.58,0.175,2.66,-8.85
2014,9,Himachal Pradesh,North,3,Telephone,6.66,0.164,2.46,-6.29
2015,9,Himachal Pradesh,North,3,Telephone,6.74,0.149,2.21,-9.15
2016,9,Himachal Pradesh,North,3,Telephone,6.82,0.14,2.05,-6.04
2017,9,Himachal Pradesh,North,3,Telephone,6.9,0.144,2.09,2.86
2018,9,Himachal Pradesh,North,3,Telephone,6.98,0.121,1.73,-15.97
2019,9,Himachal Pradesh,North,3,Telephone,7.07,0.123,1.74,1.65
2020,9,Himachal Pradesh,North,3,Telephone,7.15,0.106,1.48,-13.82
2021,9,Himachal Pradesh,North,3,Telephone,7.24,0.109,1.51,2.83
2022,9,Himachal Pradesh,North,3,Telephone,7.32,0.099,1.35,-9.17
2023,9,Himachal Pradesh,North,3,Telephone,7.41,0.097,1.31,-2.02
2024,9,Himachal Pradesh,North,3,Telephone,7.5,0.085,1.13,-12.37
2010,10,Jharkhand,East,1,Internet,33.85,2.294,6.78,
2011,10,Jharkhand,East,1,Internet,34.25,3.139,9.16,36.84
2012,10,Jharkhand,East,1,Internet,34.67,4.146,11.96,32.08
2013,10,Jharkhand,East,1,Internet,35.08,5.024,14.32,21.18
2014,10,Jharkhand,East,1,Internet,35.5,6.163,17.36,22.67
2015,10,Jharkhand,East,1,Internet,35.93,8.39,23.35,36.13
2016,10,Jharkhand,East,1,Internet,36.36,10.421,28.66,24.21
2017,10,Jharkhand,East,1,Internet,36.8,13.478,36.63,29.33
2018,10,Jharkhand,East,1,Internet,37.24,16.045,43.09,19.05
2019,10,Jharkhand,East,1,Internet,37.68,20.806,55.21,29.67
2020,10,Jharkhand,East,1,Internet,38.14,25.094,65.8,20.61
2021,10,Jharkhand,East,1,Internet,38.59,29.228,75.73,16.47
2022,10,Jharkhand,East,1,Internet,39.06,33.198,85.0,13.58
2023,10,Jharkhand,East,1,Internet,39.53,33.597,85.0,1.2
2024,10,Jharkhand,East,1,Internet,40.0,34.0,85.0,1.2
2010,10,Jharkhand,East,2,Mobile,33.85,16.956,50.1,
2011,10,Jharkhand,East,2,Mobile,34.25,18.286,53.38,7.84
2012,10,Jharkhand,East,2,Mobile,34.67,23.692,68.35,29.56
2013,10,Jharkhand,East,2,Mobile,35.08,24.486,69.8,3.35
2014,10,Jharkhand,East,2,Mobile,35.5,27.909,78.61,13.98
2015,10,Jharkhand,East,2,Mobile,35.93,31.059,86.45,11.29
2016,10,Jharkhand,East,2,Mobile,36.36,29.809,81.98,-4.02
2017,10,Jharkhand,East,2,Mobile,36.8,36.272,98.58,21.68
2018,10,Jharkhand,East,2,Mobile,37.24,34.022,91.36,-6.2
2019,10,Jharkhand,East,2,Mobile,37.68,35.265,93.58,3.65
2020,10,Jharkhand,East,2,Mobile,38.14,36.24,95.03,2.76
2021,10,Jharkhand,East,2,Mobile,38.59,37.28,96.6,2.87
2022,10,Jharkhand,East,2,Mobile,39.06,40.013,102.45,7.33
2023,10,Jharkhand,East,2,Mobile,39.53,44.713,113.12,11.75
2024,10,Jharkhand,East,2,Mobile,40.0,41.592,103.98,-6.98
2010,10,Jharkhand,East,3,Telephone,33.85,0.849,2.51,
2011,10,Jharkhand,East,3,Telephone,34.25,0.86,2.51,1.3
2012,10,Jharkhand,East,3,Telephone,34.67,0.839,2.42,-2.44
2013,10,Jharkhand,East,3,Telephone,35.08,0.757,2.16,-9.77
2014,10,Jharkhand,East,3,Telephone,35.5,0.753,2.12,-0.53
2015,10,Jharkhand,East,3,Telephone,35.93,0.621,1.73,-17.53
2016,10,Jharkhand,East,3,Telephone,36.36,0.618,1.7,-0.48
2017,10,Jharkhand,East,3,Telephone,36.8,0.547,1.49,-11.49
2018,10,Jharkhand,East,3,Telephone,37.24,0.538,1.45,-1.65
2019,10,Jharkhand,East,3,Telephone,37.68,0.45,1.19,-16.36
2020,10,Jharkhand,East,3,Telephone,38.14,0.469,1.23,4.22
2021,10,Jharkhand,East,3,Telephone,38.59,0.392,1.02,-16.42
2022,10,Jharkhand,East,3,Telephone,39.06,0.385,0.99,-1.79
2023,10,Jharkhand,East,3,Telephone,39.53,0.406,1.03,5.45
2024,10,Jharkhand,East,3,Telephone,40.0,0.335,0.84,-17.49
2010,11,Karnataka,South,1,Internet,57.54,5.634,9.79,
2011,11,Karnataka,South,1,Internet,58.23,7.849,13.48,39.31
2012,11,Karnataka,South,1,Internet,58.93,8.912,15.12,13.54
2013,11,Karnataka,South,1,Internet,59.64,11.55,19.37,29.6
2014,11,Karnataka,South,1,Internet,60.35,16.467,27.28,42.57
2015,11,Karnataka,South,1,Internet,61.08,19.64,32.16,19.27
2016,11,Karnataka,South,1,Internet,61.81,24.923,40.32,26.9
2017,11,Karnataka,South,1,Internet,62.55,36.57,58.46,46.73
2018,11,Karnataka,South,1,Internet,63.3,42.919,67.8,17.36
2019,11,Karnataka,South,1,Internet,64.06,51.49,80.37,19.97
2020,11,Karnataka,South,1,Internet,64.83,55.107,85.0,7.02
2021,11,Karnataka,South,1,Internet,65.61,55.768,85.0,1.2
2022,11,Karnataka,South,1,Internet,66.4,56.437,85.0,1.2
2023,11,Karnataka,South,1,Internet,67.19,57.115,85.0,1.2
2024,11,Karnataka,South,1,Internet,68.0,57.8,85.0,1.2
2010,11,Karnataka,South,2,Mobile,57.54,43.559,75.7,
2011,11,Karnataka,South,2,Mobile,58.23,45.872,78.77,5.31
2012,11,Karnataka,South,2,Mobile,58.93,54.971,93.28,19.84
2013,11,Karnataka,South,2,Mobile,59.64,57.948,97.17,5.42
2014,11,Karnataka,South,2,Mobile,60.35,68.804,114.0,18.73
2015,11,Karnataka,South,2,Mobile,61.08,71.665,117.33,4.16
2016,11,Karnataka,South,2,Mobile,61.81,80.354,130.0,12.12
2017,11,Karnataka,South,2,Mobile,62.55,79.143,126.52,-1.51
2018,11,Karnataka,South,2,Mobile,63.3,82.294,130.0,3.98
2019,11,Karnataka,South,2,Mobile,64.06,83.282,130.0,1.2
2020,11,Karnataka,South,2,Mobile,64.83,84.281,130.0,1.2
2021,11,Karnataka,South,2,Mobile,65.61,85.292,130.0,1.2
2022,11,Karnataka,South,2,Mobile,66.4,86.316,130.0,1.2
2023,11,Karnataka,South,2,Mobile,67.19,87.352,130.0,1.2
2024,11,Karnataka,South,2,Mobile,68.0,88.4,130.0,1.2
2010,11,Karnataka,South,3,Telephone,57.54,2.014,3.5,
2011,11,Karnataka,South,3,Telephone,58.23,2.038,3.5,1.19
2012,11,Karnataka,South,3,Telephone,58.93,1.927,3.27,-5.45
2013,11,Karnataka,South,3,Telephone,59.64,2.003,3.36,3.94
2014,11,Karnataka,South,3,Telephone,60.35,1.945,3.22,-2.9
2015,11,Karnataka,South,3,Telephone,61.08,1.759,2.88,-9.56
2016,11,Karnataka,South,3,Telephone,61.81,1.413,2.29,-19.67
2017,11,Karnataka,South,3,Telephone,62.55,1.489,2.38,5.38
2018,11,Karnataka,South,3,Telephone,63.3,1.203,1.9,-19.21
2019,11,Karnataka,South,3,Telephone,64.06,1.209,1.89,0.5
2020,11,Karnataka,South,3,Telephone,64.83,1.107,1.71,-8.44
2021,11,Karnataka,South,3,Telephone,65.61,1.117,1.7,0.9
2022,11,Karnataka,South,3,Telephone,66.4,1.053,1.59,-5.73
2023,11,Karnataka,South,3,Telephone,67.19,0.959,1.43,-8.93
2024,11,Karnataka,South,3,Telephone,68.0,0.892,1.31,-6.99
2010,12,Kerala,South,1,Internet,29.62,2.711,9.16,
2011,12,Kerala,South,1,Internet,29.97,4.081,13.62,50.53
2012,12,Kerala,South,1,Internet,30.33,5.005,16.5,22.64
2013,12,Kerala,South,1,Internet,30.7,6.518,21.23,30.23
2014,12,Kerala,South,1,Internet,31.06,8.575,27.6,31.56
2015,12,Kerala,South,1,Internet,31.44,10.503,33.41,22.48
2016,12,Kerala,South,1,Internet,31.81,14.208,44.66,35.28
2017,12,Kerala,South,1,Internet,32.2,17.161,53.3,20.78
2018,12,Kerala,South,1,Internet,32.58,20.763,63.72,20.99
2019,12,Kerala,South,1,Internet,32.97,28.028,85.0,34.99
2020,12,Kerala,South,1,Internet,33.37,28.364,85.0,1.2
2021,12,Kerala,South,1,Internet,33.77,28.704,85.0,1.2
2022,12,Kerala,South,1,Internet,34.17,29.049,85.0,1.2
2023,12,Kerala,South,1,Internet,34.58,29.397,85.0,1.2
2024,12,Kerala,South,1,Internet,35.0,29.75,85.0,1.2
2010,12,Kerala,South,2,Mobile,29.62,22.51,76.0,
2011,12,Kerala,South,2,Mobile,29.97,27.135,90.53,20.55
2012,12,Kerala,South,2,Mobile,30.33,27.57,90.89,1.6
2013,12,Kerala,South,2,Mobile,30.7,30.055,97.91,9.01
2014,12,Kerala,South,2,Mobile,31.06,37.463,120.6,24.65
2015,12,Kerala,South,2,Mobile,31.44,37.697,119.91,0.62
2016,12,Kerala,South,2,Mobile,31.81,38.276,120.31,1.54
2017,12,Kerala,South,2,Mobile,32.2,41.855,130.0,9.35
2018,12,Kerala,South,2,Mobile,32.58,42.357,130.0,1.2
2019,12,Kerala,South,2,Mobile,32.97,42.866,130.0,1.2
2020,12,Kerala,South,2,Mobile,33.37,43.38,130.0,1.2
2021,12,Kerala,South,2,Mobile,33.77,43.901,130.0,1.2
2022,12,Kerala,South,2,Mobile,34.17,44.427,130.0,1.2
2023,12,Kerala,South,2,Mobile,34.58,44.96,130.0,1.2
2024,12,Kerala,South,2,Mobile,35.0,45.5,130.0,1.2
2010,12,Kerala,South,3,Telephone,29.62,1.037,3.5,
2011,12,Kerala,South,3,Telephone,29.97,1.049,3.5,1.16
2012,12,Kerala,South,3,Telephone,30.33,1.062,3.5,1.24
2013,12,Kerala,South,3,Telephone,30.7,1.073,3.5,1.04
2014,12,Kerala,South,3,Telephone,31.06,0.966,3.11,-9.97
2015,12,Kerala,South,3,Telephone,31.44,0.914,2.91,-5.38
2016,12,Kerala,South,3,Telephone,31.81,0.729,2.29,-20.24
2017,12,Kerala,South,3,Telephone,32.2,0.777,2.41,6.58
2018,12,Kerala,South,3,Telephone,32.58,0.652,2.0,-16.09
2019,12,Kerala,South,3,Telephone,32.97,0.653,1.98,0.15
2020,12,Kerala,South,3,Telephone,33.37,0.553,1.66,-15.31
2021,12,Kerala,South,3,Telephone,33.77,0.567,1.68,2.53
2022,12,Kerala,South,3,Telephone,34.17,0.51,1.49,-10.05
2023,12,Kerala,South,3,Telephone,34.58,0.511,1.48,0.2
2024,12,Kerala,South,3,Telephone,35.0,0.435,1.24,-14.87
2010,13,Madhya Pradesh,Central,1,Internet,71.93,5.208,7.24,
2011,13,Madhya Pradesh,Central,1,Internet,72.79,6.815,9.36,30.86
2012,13,Madhya Pradesh,Central,1,Internet,73.66,8.163,11.08,19.78
2013,13,Madhya Pradesh,Central,1,Internet,74.55,11.553,15.5,41.53
2014,13,Madhya Pradesh,Central,1,Internet,75.44,14.377,19.06,24.44
2015,13,Madhya Pradesh,Central,1,Internet,76.35,17.759,23.26,23.52
2016,13,Madhya Pradesh,Central,1,Internet,77.26,24.427,31.61,37.55
2017,13,Madhya Pradesh,Central,1,Internet,78.19,29.206,37.35,19.56
2018,13,Madhya Pradesh,Central,1,Internet,79.13,37.537,47.44,28.52
2019,13,Madhya Pradesh,Central,1,Internet,80.08,45.485,56.8,21.17
2020,13,Madhya Pradesh,Central,1,Internet,81.04,54.824,67.65,20.53
2021,13,Madhya Pradesh,Central,1,Internet,82.01,64.905,79.14,18.39
2022,13,Madhya Pradesh,Central,1,Internet,83.0,68.717,82.79,5.87
2023,13,Madhya Pradesh,Central,1,Internet,83.99,71.393,85.0,3.89
2024,13,Madhya Pradesh,Central,1,Internet,85.0,72.25,85.0,1.2
2010,13,Madhya Pradesh,Central,2,Mobile,71.93,39.5,54.92,
2011,13,Madhya Pradesh,Central,2,Mobile,72.79,44.856,61.62,13.56
2012,13,Madhya Pradesh,Central,2,Mobile,73.66,51.088,69.35,13.89
2013,13,Madhya Pradesh,Central,2,Mobile,74.55,55.732,74.76,9.09
2014,13,Madhya Pradesh,Central,2,Mobile,75.44,61.704,81.79,10.72
2015,13,Madhya Pradesh,Central,2,Mobile,76.35,62.878,82.36,1.9
2016,13,Madhya Pradesh,Central,2,Mobile,77.26,73.569,95.22,17.0
2017,13,Madhya Pradesh,Central,2,Mobile,78.19,72.375,92.56,-1.62
2018,13,Madhya Pradesh,Central,2,Mobile,79.13,82.354,104.08,13.79
2019,13,Madhya Pradesh,Central,2,Mobile,80.08,90.236,112.68,9.57
2020,13,Madhya Pradesh,Central,2,Mobile,81.04,91.495,112.9,1.4
2021,13,Madhya Pradesh,Central,2,Mobile,82.01,95.114,115.98,3.96
2022,13,Madhya Pradesh,Central,2,Mobile,83.0,98.148,118.26,3.19
2023,13,Madhya Pradesh,Central,2,Mobile,83.99,93.273,111.05,-4.97
2024,13,Madhya Pradesh,Central,2,Mobile,85.0,92.856,109.24,-0.45
2010,13,Madhya Pradesh,Central,3,Telephone,71.93,1.982,2.75,
2011,13,Madhya Pradesh,Central,3,Telephone,72.79,1.946,2.67,-1.82
2012,13,Madhya Pradesh,Central,3,Telephone,73.66,1.873,2.54,-3.75
2013,13,Madhya Pradesh,Central,3,Telephone,74.55,1.86,2.49,-0.69
2014,13,Madhya Pradesh,Central,3,Telephone,75.44,1.728,2.29,-7.1
2015,13,Madhya Pradesh,Central,3,Telephone,76.35,1.382,1.81,-20.02
2016,13,Madhya Pradesh,Central,3,Telephone,77.26,1.425,1.84,3.11
2017,13,Madhya Pradesh,Central,3,Telephone,78.19,1.163,1.49,-18.39
2018,13,Madhya Pradesh,Central,3,Telephone,79.13,1.142,1.44,-1.81
2019,13,Madhya Pradesh,Central,3,Telephone,80.08,1.058,1.32,-7.36
2020,13,Madhya Pradesh,Central,3,Telephone,81.04,0.987,1.22,-6.71
2021,13,Madhya Pradesh,Central,3,Telephone,82.01,1.013,1.23,2.63
2022,13,Madhya Pradesh,Central,3,Telephone,83.0,0.883,1.06,-12.83
2023,13,Madhya Pradesh,Central,3,Telephone,83.99,0.912,1.09,3.28
2024,13,Madhya Pradesh,Central,3,Telephone,85.0,0.825,0.97,-9.54
2010,14,Maharashtra,West,1,Internet,105.77,8.744,8.27,
2011,14,Maharashtra,West,1,Internet,107.04,11.722,10.95,34.06
2012,14,Maharashtra,West,1,Internet,108.33,16.719,15.43,42.63
2013,14,Maharashtra,West,1,Internet,109.63,22.123,20.18,32.32
2014,14,Maharashtra,West,1,Internet,110.94,25.388,22.88,14.76
2015,14,Maharashtra,West,1,Internet,112.28,32.098,28.59,26.43
2016,14,Maharashtra,West,1,Internet,113.62,41.198,36.26,28.35
2017,14,Maharashtra,West,1,Internet,114.99,54.819,47.67,33.06
2018,14,Maharashtra,West,1,Internet,116.37,74.465,63.99,35.84
2019,14,Maharashtra,West,1,Internet,117.76,88.101,74.81,18.31
2020,14,Maharashtra,West,1,Internet,119.18,101.299,85.0,14.98
2021,14,Maharashtra,West,1,Internet,120.61,102.515,85.0,1.2
2022,14,Maharashtra,West,1,Internet,122.05,103.745,85.0,1.2
2023,14,Maharashtra,West,1,Internet,123.52,104.99,85.0,1.2
2024,14,Maharashtra,West,1,Internet,125.0,106.25,85.0,1.2
2010,14,Maharashtra,West,2,Mobile,105.77,68.032,64.32,
2011,14,Maharashtra,West,2,Mobile,107.04,78.116,72.98,14.82
2012,14,Maharashtra,West,2,Mobile,108.33,88.678,81.86,13.52
2013,14,Maharashtra,West,2,Mobile,109.63,103.954,94.82,17.23
2014,14,Maharashtra,West,2,Mobile,110.94,109.174,98.4,5.02
2015,14,Maharashtra,West,2,Mobile,112.28,121.056,107.82,10.88
2016,14,Maharashtra,West,2,Mobile,113.62,127.399,112.12,5.24
2017,14,Maharashtra,West,2,Mobile,114.99,141.264,122.85,10.88
2018,14,Maharashtra,West,2,Mobile,116.37,141.311,121.44,0.03
2019,14,Maharashtra,West,2,Mobile,117.76,148.605,126.19,5.16
2020,14,Maharashtra,West,2,Mobile,119.18,152.913,128.31,2.9
2021,14,Maharashtra,West,2,Mobile,120.61,156.788,130.0,2.53
2022,14,Maharashtra,West,2,Mobile,122.05,158.669,130.0,1.2
2023,14,Maharashtra,West,2,Mobile,123.52,160.573,130.0,1.2
2024,14,Maharashtra,West,2,Mobile,125.0,162.5,130.0,1.2
2010,14,Maharashtra,West,3,Telephone,105.77,3.661,3.46,
2011,14,Maharashtra,West,3,Telephone,107.04,3.526,3.29,-3.69
2012,14,Maharashtra,West,3,Telephone,108.33,3.421,3.16,-2.98
2013,14,Maharashtra,West,3,Telephone,109.63,3.397,3.1,-0.7
2014,14,Maharashtra,West,3,Telephone,110.94,2.837,2.56,-16.49
2015,14,Maharashtra,West,3,Telephone,112.28,2.664,2.37,-6.1
2016,14,Maharashtra,West,3,Telephone,113.62,2.576,2.27,-3.3
2017,14,Maharashtra,West,3,Telephone,114.99,2.371,2.06,-7.96
2018,14,Maharashtra,West,3,Telephone,116.37,2.289,1.97,-3.46
2019,14,Maharashtra,West,3,Telephone,117.76,2.159,1.83,-5.68
2020,14,Maharashtra,West,3,Telephone,119.18,1.819,1.53,-15.75
2021,14,Maharashtra,West,3,Telephone,120.61,1.686,1.4,-7.31
2022,14,Maharashtra,West,3,Telephone,122.05,1.658,1.36,-1.66
2023,14,Maharashtra,West,3,Telephone,123.52,1.581,1.28,-4.64
2024,14,Maharashtra,West,3,Telephone,125.0,1.458,1.17,-7.78
2010,15,Manipur,Northeast,1,Internet,2.79,0.162,5.82,
2011,15,Manipur,Northeast,1,Internet,2.83,0.216,7.63,33.33
2012,15,Manipur,Northeast,1,Internet,2.86,0.283,9.9,31.02
2013,15,Manipur,Northeast,1,Internet,2.89,0.351,12.13,24.03
2014,15,Manipur,Northeast,1,Internet,2.93,0.44,15.02,25.36
2015,15,Manipur,Northeast,1,Internet,2.96,0.62,20.92,40.91
2016,15,Manipur,Northeast,1,Internet,3.0,0.794,26.48,28.06
2017,15,Manipur,Northeast,1,Internet,3.04,0.996,32.82,25.44
2018,15,Manipur,Northeast,1,Internet,3.07,1.231,40.06,23.59
2019,15,Manipur,Northeast,1,Internet,3.11,1.454,46.77,18.12
2020,15,Manipur,Northeast,1,Internet,3.15,1.729,54.95,18.91
2021,15,Manipur,Northeast,1,Internet,3.18,1.973,61.97,14.11
2022,15,Manipur,Northeast,1,Internet,3.22,2.26,70.15,14.55
2023,15,Manipur,Northeast,1,Internet,3.26,2.515,77.13,11.28
2024,15,Manipur,Northeast,1,Internet,3.3,2.597,78.71,3.26
2010,15,Manipur,Northeast,2,Mobile,2.79,1.336,47.85,
2011,15,Manipur,Northeast,2,Mobile,2.83,1.335,47.23,-0.07
2012,15,Manipur,Northeast,2,Mobile,2.86,1.542,53.93,15.51
2013,15,Manipur,Northeast,2,Mobile,2.89,1.659,57.33,7.59
2014,15,Manipur,Northeast,2,Mobile,2.93,1.922,65.64,15.85
2015,15,Manipur,Northeast,2,Mobile,2.96,2.193,73.99,14.1
2016,15,Manipur,Northeast,2,Mobile,3.0,2.335,77.83,6.48
2017,15,Manipur,Northeast,2,Mobile,3.04,2.521,83.04,7.97
2018,15,Manipur,Northeast,2,Mobile,3.07,2.47,80.41,-2.02
2019,15,Manipur,Northeast,2,Mobile,3.11,2.806,90.26,13.6
2020,15,Manipur,Northeast,2,Mobile,3.15,3.052,97.01,8.77
2021,15,Manipur,Northeast,2,Mobile,3.18,2.723,85.53,-10.78
2022,15,Manipur,Northeast,2,Mobile,3.22,2.811,87.24,3.23
2023,15,Manipur,Northeast,2,Mobile,3.26,2.879,88.28,2.42
2024,15,Manipur,Northeast,2,Mobile,3.3,3.101,93.97,7.71
2010,15,Manipur,Northeast,3,Telephone,2.79,0.067,2.4,
2011,15,Manipur,Northeast,3,Telephone,2.83,0.064,2.26,-4.48
2012,15,Manipur,Northeast,3,Telephone,2.86,0.058,2.03,-9.38
2013,15,Manipur,Northeast,3,Telephone,2.89,0.055,1.91,-5.17
2014,15,Manipur,Northeast,3,Telephone,2.93,0.05,1.69,-9.09
2015,15,Manipur,Northeast,3,Telephone,2.96,0.05,1.68,0.0
2016,15,Manipur,Northeast,3,Telephone,3.0,0.042,1.39,-16.0
2017,15,Manipur,Northeast,3,Telephone,3.04,0.042,1.4,0.0
2018,15,Manipur,Northeast,3,Telephone,3.07,0.036,1.18,-14.29
2019,15,Manipur,Northeast,3,Telephone,3.11,0.035,1.14,-2.78
2020,15,Manipur,Northeast,3,Telephone,3.15,0.033,1.05,-5.71
2021,15,Manipur,Northeast,3,Telephone,3.18,0.029,0.91,-12.12
2022,15,Manipur,Northeast,3,Telephone,3.22,0.027,0.84,-6.9
2023,15,Manipur,Northeast,3,Telephone,3.26,0.029,0.89,7.41
2024,15,Manipur,Northeast,3,Telephone,3.3,0.026,0.78,-10.34
2010,16,Meghalaya,Northeast,1,Internet,2.88,0.174,6.06,
2011,16,Meghalaya,Northeast,1,Internet,2.91,0.238,8.16,36.78
2012,16,Meghalaya,Northeast,1,Internet,2.95,0.279,9.46,17.23
2013,16,Meghalaya,Northeast,1,Internet,2.98,0.394,13.23,41.22
2014,16,Meghalaya,Northeast,1,Internet,3.02,0.459,15.2,16.5
2015,16,Meghalaya,Northeast,1,Internet,3.05,0.584,19.13,27.23
2016,16,Meghalaya,Northeast,1,Internet,3.09,0.75,24.27,28.42
2017,16,Meghalaya,Northeast,1,Internet,3.13,0.986,31.52,31.47
2018,16,Meghalaya,Northeast,1,Internet,3.17,1.278,40.38,29.61
2019,16,Meghalaya,Northeast,1,Internet,3.2,1.491,46.56,16.67
2020,16,Meghalaya,Northeast,1,Internet,3.24,1.966,60.66,31.86
2021,16,Meghalaya,Northeast,1,Internet,3.28,2.039,62.15,3.71
2022,16,Meghalaya,Northeast,1,Internet,3.32,2.465,74.24,20.89
2023,16,Meghalaya,Northeast,1,Internet,3.36,2.619,77.94,6.25
2024,16,Meghalaya,Northeast,1,Internet,3.4,2.89,85.0,10.35
2010,16,Meghalaya,Northeast,2,Mobile,2.88,1.214,42.21,
2011,16,Meghalaya,Northeast,2,Mobile,2.91,1.553,53.35,27.92
2012,16,Meghalaya,Northeast,2,Mobile,2.95,1.57,53.29,1.09
2013,16,Meghalaya,Northeast,2,Mobile,2.98,1.869,62.66,19.04
2014,16,Meghalaya,Northeast,2,Mobile,3.02,2.125,70.41,13.7
2015,16,Meghalaya,Northeast,2,Mobile,3.05,2.2,72.03,3.53
2016,16,Meghalaya,Northeast,2,Mobile,3.09,2.258,73.05,2.64
2017,16,Meghalaya,Northeast,2,Mobile,3.13,2.595,82.96,14.92
2018,16,Meghalaya,Northeast,2,Mobile,3.17,2.72,85.95,4.82
2019,16,Meghalaya,Northeast,2,Mobile,3.2,2.66,83.04,-2.21
2020,16,Meghalaya,Northeast,2,Mobile,3.24,2.834,87.44,6.54
2021,16,Meghalaya,Northeast,2,Mobile,3.28,3.084,94.0,8.82
2022,16,Meghalaya,Northeast,2,Mobile,3.32,3.049,91.83,-1.13
2023,16,Meghalaya,Northeast,2,Mobile,3.36,3.345,99.55,9.71
2024,16,Meghalaya,Northeast,2,Mobile,3.4,2.991,87.97,-10.58
2010,16,Meghalaya,Northeast,3,Telephone,2.88,0.068,2.36,
2011,16,Meghalaya,Northeast,3,Telephone,2.91,0.07,2.4,2.94
2012,16,Meghalaya,Northeast,3,Telephone,2.95,0.064,2.17,-8.57
2013,16,Meghalaya,Northeast,3,Telephone,2.98,0.059,1.99,-7.81
2014,16,Meghalaya,Northeast,3,Telephone,3.02,0.052,1.71,-11.86
2015,16,Meghalaya,Northeast,3,Telephone,3.05,0.05,1.63,-3.85
2016,16,Meghalaya,Northeast,3,Telephone,3.09,0.047,1.51,-6.0
2017,16,Meghalaya,Northeast,3,Telephone,3.13,0.04,1.27,-14.89
2018,16,Meghalaya,Northeast,3,Telephone,3.17,0.036,1.14,-10.0
2019,16,Meghalaya,Northeast,3,Telephone,3.2,0.034,1.05,-5.56
2020,16,Meghalaya,Northeast,3,Telephone,3.24,0.035,1.08,2.94
2021,16,Meghalaya,Northeast,3,Telephone,3.28,0.033,1.0,-5.71
2022,16,Meghalaya,Northeast,3,Telephone,3.32,0.029,0.88,-12.12
2023,16,Meghalaya,Northeast,3,Telephone,3.36,0.03,0.88,3.45
2024,16,Meghalaya,Northeast,3,Telephone,3.4,0.028,0.82,-6.67
2010,17,Mizoram,Northeast,1,Internet,1.02,0.061,6.02,
2011,17,Mizoram,Northeast,1,Internet,1.03,0.081,7.89,32.79
2012,17,Mizoram,Northeast,1,Internet,1.04,0.096,9.28,18.52
2013,17,Mizoram,Northeast,1,Internet,1.05,0.123,11.71,28.12
2014,17,Mizoram,Northeast,1,Internet,1.07,0.172,16.17,39.84
2015,17,Mizoram,Northeast,1,Internet,1.08,0.225,20.88,30.81
2016,17,Mizoram,Northeast,1,Internet,1.09,0.273,25.07,21.33
2017,17,Mizoram,Northeast,1,Internet,1.1,0.349,31.59,27.84
2018,17,Mizoram,Northeast,1,Internet,1.12,0.433,38.76,24.07
2019,17,Mizoram,Northeast,1,Internet,1.13,0.544,48.15,25.64
2020,17,Mizoram,Northeast,1,Internet,1.14,0.604,52.8,11.03
2021,17,Mizoram,Northeast,1,Internet,1.16,0.729,62.98,20.7
2022,17,Mizoram,Northeast,1,Internet,1.17,0.873,74.53,19.75
2023,17,Mizoram,Northeast,1,Internet,1.19,0.991,83.56,13.52
2024,17,Mizoram,Northeast,1,Internet,1.2,0.972,80.98,-1.92
2010,17,Mizoram,Northeast,2,Mobile,1.02,0.434,42.7,
2011,17,Mizoram,Northeast,2,Mobile,1.03,0.524,51.0,20.74
2012,17,Mizoram,Northeast,2,Mobile,1.04,0.613,58.91,16.98
2013,17,Mizoram,Northeast,2,Mobile,1.05,0.618,58.76,0.82
2014,17,Mizoram,Northeast,2,Mobile,1.07,0.722,67.75,16.83
2015,17,Mizoram,Northeast,2,Mobile,1.08,0.772,71.65,6.93
2016,17,Mizoram,Northeast,2,Mobile,1.09,0.832,76.32,7.77
2017,17,Mizoram,Northeast,2,Mobile,1.1,0.94,85.14,12.98
2018,17,Mizoram,Northeast,2,Mobile,1.12,1.016,90.97,8.09
2019,17,Mizoram,Northeast,2,Mobile,1.13,1.062,93.94,4.53
2020,17,Mizoram,Northeast,2,Mobile,1.14,1.102,96.33,3.77
2021,17,Mizoram,Northeast,2,Mobile,1.16,0.997,86.08,-9.53
2022,17,Mizoram,Northeast,2,Mobile,1.17,1.087,92.74,9.03
2023,17,Mizoram,Northeast,2,Mobile,1.19,1.043,87.96,-4.05
2024,17,Mizoram,Northeast,2,Mobile,1.2,1.167,97.25,11.89
2010,17,Mizoram,Northeast,3,Telephone,1.02,0.023,2.23,
2011,17,Mizoram,Northeast,3,Telephone,1.03,0.025,2.4,8.7
2012,17,Mizoram,Northeast,3,Telephone,1.04,0.021,2.01,-16.0
2013,17,Mizoram,Northeast,3,Telephone,1.05,0.022,2.07,4.76
2014,17,Mizoram,Northeast,3,Telephone,1.07,0.019,1.76,-13.64
2015,17,Mizoram,Northeast,3,Telephone,1.08,0.018,1.71,-5.26
2016,17,Mizoram,Northeast,3,Telephone,1.09,0.016,1.48,-11.11
2017,17,Mizoram,Northeast,3,Telephone,1.1,0.015,1.34,-6.25
2018,17,Mizoram,Northeast,3,Telephone,1.12,0.013,1.2,-13.33
2019,17,Mizoram,Northeast,3,Telephone,1.13,0.013,1.15,0.0
2020,17,Mizoram,Northeast,3,Telephone,1.14,0.012,1.05,-7.69
2021,17,Mizoram,Northeast,3,Telephone,1.16,0.012,1.01,0.0
2022,17,Mizoram,Northeast,3,Telephone,1.17,0.011,0.94,-8.33
2023,17,Mizoram,Northeast,3,Telephone,1.19,0.01,0.81,-9.09
2024,17,Mizoram,Northeast,3,Telephone,1.2,0.009,0.73,-10.0
2010,18,Nagaland,Northeast,1,Internet,1.86,0.106,5.69,
2011,18,Nagaland,Northeast,1,Internet,1.88,0.139,7.4,31.13
2012,18,Nagaland,Northeast,1,Internet,1.91,0.198,10.39,42.45
2013,18,Nagaland,Northeast,1,Internet,1.93,0.25,12.96,26.26
2014,18,Nagaland,Northeast,1,Internet,1.95,0.318,16.31,27.2
2015,18,Nagaland,Northeast,1,Internet,1.98,0.401,20.3,26.1
2016,18,Nagaland,Northeast,1,Internet,2.0,0.494,24.69,23.19
2017,18,Nagaland,Northeast,1,Internet,2.02,0.669,33.06,35.43
2018,18,Nagaland,Northeast,1,Internet,2.05,0.889,43.4,32.88
2019,18,Nagaland,Northeast,1,Internet,2.07,0.992,47.86,11.59
2020,18,Nagaland,Northeast,1,Internet,2.1,1.25,59.6,26.01
2021,18,Nagaland,Northeast,1,Internet,2.12,1.416,66.72,13.28
2022,18,Nagaland,Northeast,1,Internet,2.15,1.483,69.06,4.73
2023,18,Nagaland,Northeast,1,Internet,2.17,1.715,78.91,15.64
2024,18,Nagaland,Northeast,1,Internet,2.2,1.87,85.0,9.04
2010,18,Nagaland,Northeast,2,Mobile,1.86,0.873,46.89,
2011,18,Nagaland,Northeast,2,Mobile,1.88,0.998,52.99,14.32
2012,18,Nagaland,Northeast,2,Mobile,1.91,1.009,52.9,1.1
2013,18,Nagaland,Northeast,2,Mobile,1.93,1.131,58.62,12.09
2014,18,Nagaland,Northeast,2,Mobile,1.95,1.364,69.88,20.6
2015,18,Nagaland,Northeast,2,Mobile,1.98,1.45,73.4,6.3
2016,18,Nagaland,Northeast,2,Mobile,2.0,1.478,73.88,1.93
2017,18,Nagaland,Northeast,2,Mobile,2.02,1.631,80.6,10.35
2018,18,Nagaland,Northeast,2,Mobile,2.05,1.654,80.76,1.41
2019,18,Nagaland,Northeast,2,Mobile,2.07,1.861,89.77,12.52
2020,18,Nagaland,Northeast,2,Mobile,2.1,2.018,96.22,8.44
2021,18,Nagaland,Northeast,2,Mobile,2.12,2.07,97.53,2.58
2022,18,Nagaland,Northeast,2,Mobile,2.15,2.006,93.38,-3.09
2023,18,Nagaland,Northeast,2,Mobile,2.17,2.102,96.67,4.79
2024,18,Nagaland,Northeast,2,Mobile,2.2,2.043,92.86,-2.81
2010,18,Nagaland,Northeast,3,Telephone,1.86,0.047,2.54,
2011,18,Nagaland,Northeast,3,Telephone,1.88,0.04,2.14,-14.89
2012,18,Nagaland,Northeast,3,Telephone,1.91,0.04,2.08,0.0
2013,18,Nagaland,Northeast,3,Telephone,1.93,0.036,1.88,-10.0
2014,18,Nagaland,Northeast,3,Telephone,1.95,0.036,1.84,0.0
2015,18,Nagaland,Northeast,3,Telephone,1.98,0.031,1.57,-13.89
2016,18,Nagaland,Northeast,3,Telephone,2.0,0.032,1.59,3.23
2017,18,Nagaland,Northeast,3,Telephone,2.02,0.027,1.34,-15.62
2018,18,Nagaland,Northeast,3,Telephone,2.05,0.025,1.24,-7.41
2019,18,Nagaland,Northeast,3,Telephone,2.07,0.022,1.04,-12.0
2020,18,Nagaland,Northeast,3,Telephone,2.1,0.022,1.04,0.0
2021,18,Nagaland,Northeast,3,Telephone,2.12,0.021,0.99,-4.55
2022,18,Nagaland,Northeast,3,Telephone,2.15,0.019,0.9,-9.52
2023,18,Nagaland,Northeast,3,Telephone,2.17,0.02,0.9,5.26
2024,18,Nagaland,Northeast,3,Telephone,2.2,0.016,0.74,-20.0
2010,19,Odisha,East,1,Internet,39.77,2.732,6.87,
2011,19,Odisha,East,1,Internet,40.25,3.697,9.19,35.32
2012,19,Odisha,East,1,Internet,40.73,4.61,11.32,24.7
2013,19,Odisha,East,1,Internet,41.22,5.629,13.66,22.1
2014,19,Odisha,East,1,Internet,41.72,7.248,17.37,28.76
2015,19,Odisha,East,1,Internet,42.22,10.052,23.81,38.69
2016,19,Odisha,East,1,Internet,42.72,12.722,29.78,26.56
2017,19,Odisha,East,1,Internet,43.23,15.864,36.69,24.7
2018,19,Odisha,East,1,Internet,43.75,20.078,45.89,26.56
2019,19,Odisha,East,1,Internet,44.28,23.465,52.99,16.87
2020,19,Odisha,East,1,Internet,44.81,26.341,58.78,12.26
2021,19,Odisha,East,1,Internet,45.35,35.698,78.72,35.52
2022,19,Odisha,East,1,Internet,45.89,35.51,77.38,-0.53
2023,19,Odisha,East,1,Internet,46.44,39.476,85.0,11.17
2024,19,Odisha,East,1,Internet,47.0,39.95,85.0,1.2
2010,19,Odisha,East,2,Mobile,39.77,21.383,53.77,
2011,19,Odisha,East,2,Mobile,40.25,24.351,60.5,13.88
2012,19,Odisha,East,2,Mobile,40.73,25.547,62.72,4.91
2013,19,Odisha,East,2,Mobile,41.22,30.417,73.79,19.06
2014,19,Odisha,East,2,Mobile,41.72,31.392,75.25,3.21
2015,19,Odisha,East,2,Mobile,42.22,34.021,80.59,8.37
2016,19,Odisha,East,2,Mobile,42.72,37.406,87.56,9.95
2017,19,Odisha,East,2,Mobile,43.23,37.825,87.49,1.12
2018,19,Odisha,East,2,Mobile,43.75,41.847,95.64,10.63
2019,19,Odisha,East,2,Mobile,44.28,44.832,101.25,7.13
2020,19,Odisha,East,2,Mobile,44.81,46.902,104.67,4.62
2021,19,Odisha,East,2,Mobile,45.35,44.309,97.71,-5.53
2022,19,Odisha,East,2,Mobile,45.89,51.794,112.86,16.89
2023,19,Odisha,East,2,Mobile,46.44,45.633,98.26,-11.9
2024,19,Odisha,East,2,Mobile,47.0,53.033,112.84,16.22
2010,19,Odisha,East,3,Telephone,39.77,1.017,2.56,
2011,19,Odisha,East,3,Telephone,40.25,1.043,2.59,2.56
2012,19,Odisha,East,3,Telephone,40.73,0.905,2.22,-13.23
2013,19,Odisha,East,3,Telephone,41.22,0.847,2.05,-6.41
2014,19,Odisha,East,3,Telephone,41.72,0.856,2.05,1.06
2015,19,Odisha,East,3,Telephone,42.22,0.762,1.8,-10.98
2016,19,Odisha,East,3,Telephone,42.72,0.689,1.61,-9.58
2017,19,Odisha,East,3,Telephone,43.23,0.624,1.44,-9.43
2018,19,Odisha,East,3,Telephone,43.75,0.647,1.48,3.69
2019,19,Odisha,East,3,Telephone,44.28,0.578,1.31,-10.66
2020,19,Odisha,East,3,Telephone,44.81,0.497,1.11,-14.01
2021,19,Odisha,East,3,Telephone,45.35,0.487,1.07,-2.01
2022,19,Odisha,East,3,Telephone,45.89,0.462,1.01,-5.13
2023,19,Odisha,East,3,Telephone,46.44,0.46,0.99,-0.43
2024,19,Odisha,East,3,Telephone,47.0,0.402,0.86,-12.61
2010,20,Punjab,North,1,Internet,25.39,1.991,7.84,
2011,20,Punjab,North,1,Internet,25.69,2.891,11.25,45.2
2012,20,Punjab,North,1,Internet,26.0,3.726,14.33,28.88
2013,20,Punjab,North,1,Internet,26.31,4.7,17.86,26.14
2014,20,Punjab,North,1,Internet,26.63,5.838,21.92,24.21
2015,20,Punjab,North,1,Internet,26.95,7.623,28.29,30.58
2016,20,Punjab,North,1,Internet,27.27,9.976,36.58,30.87
2017,20,Punjab,North,1,Internet,27.6,13.661,49.5,36.94
2018,20,Punjab,North,1,Internet,27.93,15.851,56.76,16.03
2019,20,Punjab,North,1,Internet,28.26,18.296,64.74,15.42
2020,20,Punjab,North,1,Internet,28.6,22.383,78.26,22.34
2021,20,Punjab,North,1,Internet,28.95,24.604,85.0,9.92
2022,20,Punjab,North,1,Internet,29.29,24.899,85.0,1.2
2023,20,Punjab,North,1,Internet,29.64,25.198,85.0,1.2
2024,20,Punjab,North,1,Internet,30.0,25.5,85.0,1.2
2010,20,Punjab,North,2,Mobile,25.39,15.512,61.11,
2011,20,Punjab,North,2,Mobile,25.69,17.671,68.78,13.92
2012,20,Punjab,North,2,Mobile,26.0,21.533,82.82,21.86
2013,20,Punjab,North,2,Mobile,26.31,24.193,91.95,12.35
2014,20,Punjab,North,2,Mobile,26.63,27.886,104.73,15.26
2015,20,Punjab,North,2,Mobile,26.95,27.754,103.0,-0.47
2016,20,Punjab,North,2,Mobile,27.27,28.772,105.51,3.67
2017,20,Punjab,North,2,Mobile,27.6,33.992,123.17,18.14
2018,20,Punjab,North,2,Mobile,27.93,33.515,120.0,-1.4
2019,20,Punjab,North,2,Mobile,28.26,34.245,121.17,2.18
2020,20,Punjab,North,2,Mobile,28.6,37.183,130.0,8.58
2021,20,Punjab,North,2,Mobile,28.95,37.187,128.47,0.01
2022,20,Punjab,North,2,Mobile,29.29,38.081,130.0,2.4
2023,20,Punjab,North,2,Mobile,29.64,38.538,130.0,1.2
2024,20,Punjab,North,2,Mobile,30.0,37.975,126.58,-1.46
2010,20,Punjab,North,3,Telephone,25.39,0.889,3.5,
2011,20,Punjab,North,3,Telephone,25.69,0.897,3.49,0.9
2012,20,Punjab,North,3,Telephone,26.0,0.798,3.07,-11.04
2013,20,Punjab,North,3,Telephone,26.31,0.718,2.73,-10.03
2014,20,Punjab,North,3,Telephone,26.63,0.753,2.83,4.87
2015,20,Punjab,North,3,Telephone,26.95,0.66,2.45,-12.35
2016,20,Punjab,North,3,Telephone,27.27,0.562,2.06,-14.85
2017,20,Punjab,North,3,Telephone,27.6,0.503,1.82,-10.5
2018,20,Punjab,North,3,Telephone,27.93,0.515,1.84,2.39
2019,20,Punjab,North,3,Telephone,28.26,0.49,1.73,-4.85
2020,20,Punjab,North,3,Telephone,28.6,0.415,1.45,-15.31
2021,20,Punjab,North,3,Telephone,28.95,0.422,1.46,1.69
2022,20,Punjab,North,3,Telephone,29.29,0.375,1.28,-11.14
2023,20,Punjab,North,3,Telephone,29.64,0.353,1.19,-5.87
2024,20,Punjab,North,3,Telephone,30.0,0.325,1.08,-7.93
2010,21,Rajasthan,North,1,Internet,68.54,5.39,7.86,
2011,21,Rajasthan,North,1,Internet,69.36,7.828,11.29,45.23
2012,21,Rajasthan,North,1,Internet,70.2,10.649,15.17,36.04
2013,21,Rajasthan,North,1,Internet,71.04,12.645,17.8,18.74
2014,21,Rajasthan,North,1,Internet,71.89,16.937,23.56,33.94
2015,21,Rajasthan,North,1,Internet,72.75,20.793,28.58,22.77
2016,21,Rajasthan,North,1,Internet,73.63,28.487,38.69,37.0
2017,21,Rajasthan,North,1,Internet,74.51,35.582,47.75,24.91
2018,21,Rajasthan,North,1,Internet,75.41,44.255,58.69,24.37
2019,21,Rajasthan,North,1,Internet,76.31,53.869,70.59,21.72
2020,21,Rajasthan,North,1,Internet,77.23,60.035,77.74,11.45
2021,21,Rajasthan,North,1,Internet,78.15,66.43,85.0,10.65
2022,21,Rajasthan,North,1,Internet,79.09,67.227,85.0,1.2
2023,21,Rajasthan,North,1,Internet,80.04,68.034,85.0,1.2
2024,21,Rajasthan,North,1,Internet,81.0,68.85,85.0,1.2
2010,21,Rajasthan,North,2,Mobile,68.54,41.811,61.0,
2011,21,Rajasthan,North,2,Mobile,69.36,50.63,72.99,21.09
2012,21,Rajasthan,North,2,Mobile,70.2,56.447,80.41,11.49
2013,21,Rajasthan,North,2,Mobile,71.04,65.637,92.4,16.28
2014,21,Rajasthan,North,2,Mobile,71.89,70.141,97.57,6.86
2015,21,Rajasthan,North,2,Mobile,72.75,75.231,103.4,7.26
2016,21,Rajasthan,North,2,Mobile,73.63,79.227,107.61,5.31
2017,21,Rajasthan,North,2,Mobile,74.51,95.153,127.7,20.1
2018,21,Rajasthan,North,2,Mobile,75.41,87.334,115.82,-8.22
2019,21,Rajasthan,North,2,Mobile,76.31,99.203,130.0,13.59
2020,21,Rajasthan,North,2,Mobile,77.23,100.394,130.0,1.2
2021,21,Rajasthan,North,2,Mobile,78.15,99.208,126.94,-1.18
2022,21,Rajasthan,North,2,Mobile,79.09,102.818,130.0,3.64
2023,21,Rajasthan,North,2,Mobile,80.04,104.051,130.0,1.2
2024,21,Rajasthan,North,2,Mobile,81.0,105.3,130.0,1.2
2010,21,Rajasthan,North,3,Telephone,68.54,2.29,3.34,
2011,21,Rajasthan,North,3,Telephone,69.36,2.428,3.5,6.03
2012,21,Rajasthan,North,3,Telephone,70.2,2.091,2.98,-13.88
2013,21,Rajasthan,North,3,Telephone,71.04,1.974,2.78,-5.6
2014,21,Rajasthan,North,3,Telephone,71.89,1.914,2.66,-3.04
2015,21,Rajasthan,North,3,Telephone,72.75,1.866,2.57,-2.51
2016,21,Rajasthan,North,3,Telephone,73.63,1.702,2.31,-8.79
2017,21,Rajasthan,North,3,Telephone,74.51,1.539,2.07,-9.58
2018,21,Rajasthan,North,3,Telephone,75.41,1.304,1.73,-15.27
2019,21,Rajasthan,North,3,Telephone,76.31,1.214,1.59,-6.9
2020,21,Rajasthan,North,3,Telephone,77.23,1.259,1.63,3.71
2021,21,Rajasthan,North,3,Telephone,78.15,1.06,1.36,-15.81
2022,21,Rajasthan,North,3,Telephone,79.09,0.967,1.22,-8.77
2023,21,Rajasthan,North,3,Telephone,80.04,0.995,1.24,2.9
2024,21,Rajasthan,North,3,Telephone,81.0,0.897,1.11,-9.85
2010,22,Sikkim,Northeast,1,Internet,0.59,0.031,5.18,
2011,22,Sikkim,Northeast,1,Internet,0.6,0.048,8.05,54.84
2012,22,Sikkim,Northeast,1,Internet,0.61,0.061,10.1,27.08
2013,22,Sikkim,Northeast,1,Internet,0.61,0.075,12.21,22.95
2014,22,Sikkim,Northeast,1,Internet,0.62,0.091,14.61,21.33
2015,22,Sikkim,Northeast,1,Internet,0.63,0.116,18.37,27.47
2016,22,Sikkim,Northeast,1,Internet,0.64,0.158,24.86,36.21
2017,22,Sikkim,Northeast,1,Internet,0.64,0.217,33.77,37.34
2018,22,Sikkim,Northeast,1,Internet,0.65,0.263,40.34,21.2
2019,22,Sikkim,Northeast,1,Internet,0.66,0.327,49.59,24.33
2020,22,Sikkim,Northeast,1,Internet,0.67,0.361,54.11,10.4
2021,22,Sikkim,Northeast,1,Internet,0.68,0.437,64.65,21.05
2022,22,Sikkim,Northeast,1,Internet,0.68,0.521,76.29,19.22
2023,22,Sikkim,Northeast,1,Internet,0.69,0.573,82.79,9.98
2024,22,Sikkim,Northeast,1,Internet,0.7,0.584,83.5,1.92
2010,22,Sikkim,Northeast,2,Mobile,0.59,0.251,42.39,
2011,22,Sikkim,Northeast,2,Mobile,0.6,0.307,51.19,22.31
2012,22,Sikkim,Northeast,2,Mobile,0.61,0.324,53.33,5.54
2013,22,Sikkim,Northeast,2,Mobile,0.61,0.374,60.94,15.43
2014,22,Sikkim,Northeast,2,Mobile,0.62,0.397,63.9,6.15
2015,22,Sikkim,Northeast,2,Mobile,0.63,0.466,74.1,17.38
2016,22,Sikkim,Northeast,2,Mobile,0.64,0.479,75.22,2.79
2017,22,Sikkim,Northeast,2,Mobile,0.64,0.51,79.24,6.47
2018,22,Sikkim,Northeast,2,Mobile,0.65,0.572,87.74,12.16
2019,22,Sikkim,Northeast,2,Mobile,0.66,0.555,84.18,-2.97
2020,22,Sikkim,Northeast,2,Mobile,0.67,0.61,91.37,9.91
2021,22,Sikkim,Northeast,2,Mobile,0.68,0.627,92.77,2.79
2022,22,Sikkim,Northeast,2,Mobile,0.68,0.591,86.44,-5.74
2023,22,Sikkim,Northeast,2,Mobile,0.69,0.644,93.08,8.97
2024,22,Sikkim,Northeast,2,Mobile,0.7,0.629,89.8,-2.33
2010,22,Sikkim,Northeast,3,Telephone,0.59,0.015,2.55,
2011,22,Sikkim,Northeast,3,Telephone,0.6,0.014,2.32,-6.67
2012,22,Sikkim,Northeast,3,Telephone,0.61,0.014,2.25,0.0
2013,22,Sikkim,Northeast,3,Telephone,0.61,0.012,1.97,-14.29
2014,22,Sikkim,Northeast,3,Telephone,0.62,0.012,1.87,0.0
2015,22,Sikkim,Northeast,3,Telephone,0.63,0.01,1.57,-16.67
2016,22,Sikkim,Northeast,3,Telephone,0.64,0.009,1.45,-10.0
2017,22,Sikkim,Northeast,3,Telephone,0.64,0.009,1.36,0.0
2018,22,Sikkim,Northeast,3,Telephone,0.65,0.009,1.31,0.0
2019,22,Sikkim,Northeast,3,Telephone,0.66,0.007,1.04,-22.22
2020,22,Sikkim,Northeast,3,Telephone,0.67,0.006,0.96,-14.29
2021,22,Sikkim,Northeast,3,Telephone,0.68,0.006,0.93,0.0
2022,22,Sikkim,Northeast,3,Telephone,0.68,0.006,0.83,0.0
2023,22,Sikkim,Northeast,3,Telephone,0.69,0.006,0.87,0.0
2024,22,Sikkim,Northeast,3,Telephone,0.7,0.006,0.83,0.0
2010,23,Tamil Nadu,South,1,Internet,65.16,6.401,9.82,
2011,23,Tamil Nadu,South,1,Internet,65.94,8.466,12.84,32.26
2012,23,Tamil Nadu,South,1,Internet,66.73,11.679,17.5,37.95
2013,23,Tamil Nadu,South,1,Internet,67.53,13.808,20.45,18.23
2014,23,Tamil Nadu,South,1,Internet,68.34,19.01,27.82,37.67
2015,23,Tamil Nadu,South,1,Internet,69.16,23.27,33.65,22.41
2016,23,Tamil Nadu,South,1,Internet,69.99,28.345,40.5,21.81
2017,23,Tamil Nadu,South,1,Internet,70.83,41.52,58.62,46.48
2018,23,Tamil Nadu,South,1,Internet,71.68,49.977,69.72,20.37
2019,23,Tamil Nadu,South,1,Internet,72.54,58.435,80.55,16.92
2020,23,Tamil Nadu,South,1,Internet,73.41,62.4,85.0,6.79
2021,23,Tamil Nadu,South,1,Internet,74.29,63.149,85.0,1.2
2022,23,Tamil Nadu,South,1,Internet,75.18,63.907,85.0,1.2
2023,23,Tamil Nadu,South,1,Internet,76.09,64.674,85.0,1.2
2024,23,Tamil Nadu,South,1,Internet,77.0,65.45,85.0,1.2
2010,23,Tamil Nadu,South,2,Mobile,65.16,50.39,77.34,
2011,23,Tamil Nadu,South,2,Mobile,65.94,54.157,82.13,7.48
2012,23,Tamil Nadu,South,2,Mobile,66.73,58.925,88.3,8.8
2013,23,Tamil Nadu,South,2,Mobile,67.53,66.374,98.29,12.64
2014,23,Tamil Nadu,South,2,Mobile,68.34,79.741,116.68,20.14
2015,23,Tamil Nadu,South,2,Mobile,69.16,86.617,125.24,8.62
2016,23,Tamil Nadu,South,2,Mobile,69.99,90.661,129.53,4.67
2017,23,Tamil Nadu,South,2,Mobile,70.83,92.081,130.0,1.57
2018,23,Tamil Nadu,South,2,Mobile,71.68,93.186,130.0,1.2
2019,23,Tamil Nadu,South,2,Mobile,72.54,94.304,130.0,1.2
2020,23,Tamil Nadu,South,2,Mobile,73.41,95.436,130.0,1.2
2021,23,Tamil Nadu,South,2,Mobile,74.29,96.581,130.0,1.2
2022,23,Tamil Nadu,South,2,Mobile,75.18,97.74,130.0,1.2
2023,23,Tamil Nadu,South,2,Mobile,76.09,98.913,130.0,1.2
2024,23,Tamil Nadu,South,2,Mobile,77.0,100.1,130.0,1.2
2010,23,Tamil Nadu,South,3,Telephone,65.16,2.281,3.5,
2011,23,Tamil Nadu,South,3,Telephone,65.94,2.308,3.5,1.18
2012,23,Tamil Nadu,South,3,Telephone,66.73,2.336,3.5,1.21
2013,23,Tamil Nadu,South,3,Telephone,67.53,2.23,3.3,-4.54
2014,23,Tamil Nadu,South,3,Telephone,68.34,2.151,3.15,-3.54
2015,23,Tamil Nadu,South,3,Telephone,69.16,1.986,2.87,-7.67
2016,23,Tamil Nadu,South,3,Telephone,69.99,1.658,2.37,-16.52
2017,23,Tamil Nadu,South,3,Telephone,70.83,1.47,2.07,-11.34
2018,23,Tamil Nadu,South,3,Telephone,71.68,1.388,1.94,-5.58
2019,23,Tamil Nadu,South,3,Telephone,72.54,1.262,1.74,-9.08
2020,23,Tamil Nadu,South,3,Telephone,73.41,1.348,1.84,6.81
2021,23,Tamil Nadu,South,3,Telephone,74.29,1.184,1.59,-12.17
2022,23,Tamil Nadu,South,3,Telephone,75.18,1.081,1.44,-8.7
2023,23,Tamil Nadu,South,3,Telephone,76.09,1.082,1.42,0.09
2024,23,Tamil Nadu,South,3,Telephone,77.0,0.948,1.23,-12.38
2010,24,Telangana,South,1,Internet,33.0,3.191,9.67,
2011,24,Telangana,South,1,Internet,33.4,3.933,11.78,23.25
2012,24,Telangana,South,1,Internet,33.8,5.803,17.17,47.55
2013,24,Telangana,South,1,Internet,34.2,7.49,21.9,29.07
2014,24,Telangana,South,1,Internet,34.61,8.395,24.25,12.08
2015,24,Telangana,South,1,Internet,35.03,12.183,34.78,45.12
2016,24,Telangana,South,1,Internet,35.45,15.671,44.2,28.63
2017,24,Telangana,South,1,Internet,35.88,20.341,56.7,29.8
2018,24,Telangana,South,1,Internet,36.31,25.007,68.88,22.94
2019,24,Telangana,South,1,Internet,36.74,30.535,83.11,22.11
2020,24,Telangana,South,1,Internet,37.18,31.605,85.0,3.5
2021,24,Telangana,South,1,Internet,37.63,31.985,85.0,1.2
2022,24,Telangana,South,1,Internet,38.08,32.368,85.0,1.2
2023,24,Telangana,South,1,Internet,38.54,32.757,85.0,1.2
2024,24,Telangana,South,1,Internet,39.0,33.15,85.0,1.2
2010,24,Telangana,South,2,Mobile,33.0,24.117,73.08,
2011,24,Telangana,South,2,Mobile,33.4,27.225,81.52,12.89
2012,24,Telangana,South,2,Mobile,33.8,30.767,91.03,13.01
2013,24,Telangana,South,2,Mobile,34.2,36.058,105.42,17.2
2014,24,Telangana,South,2,Mobile,34.61,41.247,119.16,14.39
2015,24,Telangana,South,2,Mobile,35.03,42.758,122.06,3.66
2016,24,Telangana,South,2,Mobile,35.45,46.085,130.0,7.78
2017,24,Telangana,South,2,Mobile,35.88,46.638,130.0,1.2
2018,24,Telangana,South,2,Mobile,36.31,47.198,130.0,1.2
2019,24,Telangana,South,2,Mobile,36.74,47.765,130.0,1.2
2020,24,Telangana,South,2,Mobile,37.18,48.338,130.0,1.2
2021,24,Telangana,South,2,Mobile,37.63,48.918,130.0,1.2
2022,24,Telangana,South,2,Mobile,38.08,49.505,130.0,1.2
2023,24,Telangana,South,2,Mobile,38.54,50.099,130.0,1.2
2024,24,Telangana,South,2,Mobile,39.0,50.7,130.0,1.2
2010,24,Telangana,South,3,Telephone,33.0,1.155,3.5,
2011,24,Telangana,South,3,Telephone,33.4,1.169,3.5,1.21
2012,24,Telangana,South,3,Telephone,33.8,1.183,3.5,1.2
2013,24,Telangana,South,3,Telephone,34.2,1.074,3.14,-9.21
2014,24,Telangana,South,3,Telephone,34.61,0.959,2.77,-10.71
2015,24,Telangana,South,3,Telephone,35.03,1.02,2.91,6.36
2016,24,Telangana,South,3,Telephone,35.45,0.858,2.42,-15.88
2017,24,Telangana,South,3,Telephone,35.88,0.801,2.23,-6.64
2018,24,Telangana,South,3,Telephone,36.31,0.798,2.2,-0.37
2019,24,Telangana,South,3,Telephone,36.74,0.682,1.86,-14.54
2020,24,Telangana,South,3,Telephone,37.18,0.6,1.61,-12.02
2021,24,Telangana,South,3,Telephone,37.63,0.582,1.55,-3.0
2022,24,Telangana,South,3,Telephone,38.08,0.52,1.37,-10.65
2023,24,Telangana,South,3,Telephone,38.54,0.53,1.37,1.92
2024,24,Telangana,South,3,Telephone,39.0,0.552,1.42,4.15
2010,25,Tripura,Northeast,1,Internet,3.55,0.209,5.88,
2011,25,Tripura,Northeast,1,Internet,3.6,0.29,8.05,38.76
2012,25,Tripura,Northeast,1,Internet,3.64,0.365,10.02,25.86
2013,25,Tripura,Northeast,1,Internet,3.68,0.436,11.84,19.45
2014,25,Tripura,Northeast,1,Internet,3.73,0.597,16.02,36.93
2015,25,Tripura,Northeast,1,Internet,3.77,0.704,18.67,17.92
2016,25,Tripura,Northeast,1,Internet,3.82,1.01,26.44,43.47
2017,25,Tripura,Northeast,1,Internet,3.86,1.355,35.07,34.16
2018,25,Tripura,Northeast,1,Internet,3.91,1.709,43.71,26.13
2019,25,Tripura,Northeast,1,Internet,3.96,1.97,49.79,15.27
2020,25,Tripura,Northeast,1,Internet,4.0,2.366,59.09,20.1
2021,25,Tripura,Northeast,1,Internet,4.05,2.637,65.07,11.45
2022,25,Tripura,Northeast,1,Internet,4.1,2.803,68.35,6.3
2023,25,Tripura,Northeast,1,Internet,4.15,3.118,75.14,11.24
2024,25,Tripura,Northeast,1,Internet,4.2,3.57,85.0,14.5
2010,25,Tripura,Northeast,2,Mobile,3.55,1.494,42.04,
2011,25,Tripura,Northeast,2,Mobile,3.6,1.942,53.99,29.99
2012,25,Tripura,Northeast,2,Mobile,3.64,1.938,53.25,-0.21
2013,25,Tripura,Northeast,2,Mobile,3.68,2.45,66.5,26.42
2014,25,Tripura,Northeast,2,Mobile,3.73,2.521,67.64,2.9
2015,25,Tripura,Northeast,2,Mobile,3.77,2.627,69.64,4.2
2016,25,Tripura,Northeast,2,Mobile,3.82,2.901,75.98,10.43
2017,25,Tripura,Northeast,2,Mobile,3.86,3.359,86.93,15.79
2018,25,Tripura,Northeast,2,Mobile,3.91,3.169,81.04,-5.66
2019,25,Tripura,Northeast,2,Mobile,3.96,3.599,90.97,13.57
2020,25,Tripura,Northeast,2,Mobile,4.0,3.445,86.03,-4.28
2021,25,Tripura,Northeast,2,Mobile,4.05,3.757,92.71,9.06
2022,25,Tripura,Northeast,2,Mobile,4.1,4.012,97.82,6.79
2023,25,Tripura,Northeast,2,Mobile,4.15,4.106,98.94,2.34
2024,25,Tripura,Northeast,2,Mobile,4.2,4.126,98.24,0.49
2010,25,Tripura,Northeast,3,Telephone,3.55,0.084,2.37,
2011,25,Tripura,Northeast,3,Telephone,3.6,0.082,2.27,-2.38
2012,25,Tripura,Northeast,3,Telephone,3.64,0.083,2.28,1.22
2013,25,Tripura,Northeast,3,Telephone,3.68,0.074,2.02,-10.84
2014,25,Tripura,Northeast,3,Telephone,3.73,0.064,1.72,-13.51
2015,25,Tripura,Northeast,3,Telephone,3.77,0.058,1.55,-9.38
2016,25,Tripura,Northeast,3,Telephone,3.82,0.053,1.38,-8.62
2017,25,Tripura,Northeast,3,Telephone,3.86,0.055,1.44,3.77
2018,25,Tripura,Northeast,3,Telephone,3.91,0.047,1.2,-14.55
2019,25,Tripura,Northeast,3,Telephone,3.96,0.042,1.07,-10.64
2020,25,Tripura,Northeast,3,Telephone,4.0,0.039,0.99,-7.14
2021,25,Tripura,Northeast,3,Telephone,4.05,0.039,0.97,0.0
2022,25,Tripura,Northeast,3,Telephone,4.1,0.035,0.85,-10.26
2023,25,Tripura,Northeast,3,Telephone,4.15,0.037,0.9,5.71
2024,25,Tripura,Northeast,3,Telephone,4.2,0.034,0.81,-8.11
2010,26,Uttar Pradesh,North,1,Internet,203.09,16.891,8.32,
2011,26,Uttar Pradesh,North,1,Internet,205.52,22.424,10.91,32.76
2012,26,Uttar Pradesh,North,1,Internet,207.99,30.009,14.43,33.83
2013,26,Uttar Pradesh,North,1,Internet,210.49,39.324,18.68,31.04
2014,26,Uttar Pradesh,North,1,Internet,213.01,49.168,23.08,25.03
2015,26,Uttar Pradesh,North,1,Internet,215.57,65.479,30.38,33.17
2016,26,Uttar Pradesh,North,1,Internet,218.16,81.842,37.52,24.99
2017,26,Uttar Pradesh,North,1,Internet,220.77,110.668,50.13,35.22
2018,26,Uttar Pradesh,North,1,Internet,223.42,140.513,62.89,26.97
2019,26,Uttar Pradesh,North,1,Internet,226.1,163.565,72.34,16.41
2020,26,Uttar Pradesh,North,1,Internet,228.82,194.495,85.0,18.91
2021,26,Uttar Pradesh,North,1,Internet,231.56,196.829,85.0,1.2
2022,26,Uttar Pradesh,North,1,Internet,234.34,199.191,85.0,1.2
2023,26,Uttar Pradesh,North,1,Internet,237.15,201.581,85.0,1.2
2024,26,Uttar Pradesh,North,1,Internet,240.0,204.0,85.0,1.2
2010,26,Uttar Pradesh,North,2,Mobile,203.09,125.181,61.64,
2011,26,Uttar Pradesh,North,2,Mobile,205.52,146.084,71.08,16.7
2012,26,Uttar Pradesh,North,2,Mobile,207.99,160.09,76.97,9.59
2013,26,Uttar Pradesh,North,2,Mobile,210.49,178.71,84.9,11.63
2014,26,Uttar Pradesh,North,2,Mobile,213.01,210.228,98.69,17.64
2015,26,Uttar Pradesh,North,2,Mobile,215.57,224.874,104.32,6.97
2016,26,Uttar Pradesh,North,2,Mobile,218.16,239.806,109.92,6.64
2017,26,Uttar Pradesh,North,2,Mobile,220.77,271.917,123.17,13.39
2018,26,Uttar Pradesh,North,2,Mobile,223.42,289.513,129.58,6.47
2019,26,Uttar Pradesh,North,2,Mobile,226.1,293.935,130.0,1.53
2020,26,Uttar Pradesh,North,2,Mobile,228.82,285.541,124.79,-2.86
2021,26,Uttar Pradesh,North,2,Mobile,231.56,286.88,123.89,0.47
2022,26,Uttar Pradesh,North,2,Mobile,234.34,304.645,130.0,6.19
2023,26,Uttar Pradesh,North,2,Mobile,237.15,308.3,130.0,1.2
2024,26,Uttar Pradesh,North,2,Mobile,240.0,303.451,126.44,-1.57
2010,26,Uttar Pradesh,North,3,Telephone,203.09,7.044,3.47,
2011,26,Uttar Pradesh,North,3,Telephone,205.52,7.118,3.46,1.05
2012,26,Uttar Pradesh,North,3,Telephone,207.99,6.154,2.96,-13.54
2013,26,Uttar Pradesh,North,3,Telephone,210.49,6.417,3.05,4.27
2014,26,Uttar Pradesh,North,3,Telephone,213.01,5.707,2.68,-11.06
2015,26,Uttar Pradesh,North,3,Telephone,215.57,5.307,2.46,-7.01
2016,26,Uttar Pradesh,North,3,Telephone,218.16,5.049,2.31,-4.86
2017,26,Uttar Pradesh,North,3,Telephone,220.77,4.596,2.08,-8.97
2018,26,Uttar Pradesh,North,3,Telephone,223.42,4.227,1.89,-8.03
2019,26,Uttar Pradesh,North,3,Telephone,226.1,3.812,1.69,-9.82
2020,26,Uttar Pradesh,North,3,Telephone,228.82,3.674,1.61,-3.62
2021,26,Uttar Pradesh,North,3,Telephone,231.56,3.43,1.48,-6.64
2022,26,Uttar Pradesh,North,3,Telephone,234.34,3.171,1.35,-7.55
2023,26,Uttar Pradesh,North,3,Telephone,237.15,3.077,1.3,-2.96
2024,26,Uttar Pradesh,North,3,Telephone,240.0,2.693,1.12,-12.48
2010,27,Uttarakhand,North,1,Internet,9.73,0.818,8.4,
2011,27,Uttarakhand,North,1,Internet,9.85,1.055,10.71,28.97
2012,27,Uttarakhand,North,1,Internet,9.97,1.503,15.08,42.46
2013,27,Uttarakhand,North,1,Internet,10.09,1.843,18.27,22.62
2014,27,Uttarakhand,North,1,Internet,10.21,2.408,23.59,30.66
2015,27,Uttarakhand,North,1,Internet,10.33,3.191,30.89,32.52
2016,27,Uttarakhand,North,1,Internet,10.45,3.757,35.94,17.74
2017,27,Uttarakhand,North,1,Internet,10.58,5.128,48.48,36.49
2018,27,Uttarakhand,North,1,Internet,10.71,5.897,55.08,15.0
2019,27,Uttarakhand,North,1,Internet,10.83,8.167,75.39,38.49
2020,27,Uttarakhand,North,1,Internet,10.96,9.32,85.0,14.12
2021,27,Uttarakhand,North,1,Internet,11.1,9.431,85.0,1.19
2022,27,Uttarakhand,North,1,Internet,11.23,9.545,85.0,1.21
2023,27,Uttarakhand,North,1,Internet,11.36,9.659,85.0,1.19
2024,27,Uttarakhand,North,1,Internet,11.5,9.775,85.0,1.2
2010,27,Uttarakhand,North,2,Mobile,9.73,6.917,71.08,
2011,27,Uttarakhand,North,2,Mobile,9.85,7.436,75.5,7.5
2012,27,Uttarakhand,North,2,Mobile,9.97,7.705,77.31,3.62
2013,27,Uttarakhand,North,2,Mobile,10.09,9.867,97.83,28.06
2014,27,Uttarakhand,North,2,Mobile,10.21,10.803,105.84,9.49
2015,27,Uttarakhand,North,2,Mobile,10.33,11.376,110.13,5.3
2016,27,Uttarakhand,North,2,Mobile,10.45,12.333,117.98,8.41
2017,27,Uttarakhand,North,2,Mobile,10.58,12.394,117.16,0.49
2018,27,Uttarakhand,North,2,Mobile,10.71,13.917,130.0,12.29
2019,27,Uttarakhand,North,2,Mobile,10.83,14.084,130.0,1.2
2020,27,Uttarakhand,North,2,Mobile,10.96,13.372,121.96,-5.06
2021,27,Uttarakhand,North,2,Mobile,11.1,14.424,130.0,7.87
2022,27,Uttarakhand,North,2,Mobile,11.23,14.598,130.0,1.21
2023,27,Uttarakhand,North,2,Mobile,11.36,14.773,130.0,1.2
2024,27,Uttarakhand,North,2,Mobile,11.5,14.95,130.0,1.2
2010,27,Uttarakhand,North,3,Telephone,9.73,0.341,3.5,
2011,27,Uttarakhand,North,3,Telephone,9.85,0.331,3.37,-2.93
2012,27,Uttarakhand,North,3,Telephone,9.97,0.322,3.23,-2.72
2013,27,Uttarakhand,North,3,Telephone,10.09,0.284,2.81,-11.8
2014,27,Uttarakhand,North,3,Telephone,10.21,0.252,2.47,-11.27
2015,27,Uttarakhand,North,3,Telephone,10.33,0.23,2.23,-8.73
2016,27,Uttarakhand,North,3,Telephone,10.45,0.212,2.03,-7.83
2017,27,Uttarakhand,North,3,Telephone,10.58,0.213,2.01,0.47
2018,27,Uttarakhand,North,3,Telephone,10.71,0.207,1.93,-2.82
2019,27,Uttarakhand,North,3,Telephone,10.83,0.169,1.56,-18.36
2020,27,Uttarakhand,North,3,Telephone,10.96,0.153,1.4,-9.47
2021,27,Uttarakhand,North,3,Telephone,11.1,0.163,1.47,6.54
2022,27,Uttarakhand,North,3,Telephone,11.23,0.141,1.26,-13.5
2023,27,Uttarakhand,North,3,Telephone,11.36,0.139,1.22,-1.42
2024,27,Uttarakhand,North,3,Telephone,11.5,0.138,1.2,-0.72
2010,28,West Bengal,East,1,Internet,84.62,5.154,6.09,
2011,28,West Bengal,East,1,Internet,85.64,7.552,8.82,46.53
2012,28,West Bengal,East,1,Internet,86.66,9.129,10.53,20.88
2013,28,West Bengal,East,1,Internet,87.7,12.142,13.84,33.0
2014,28,West Bengal,East,1,Internet,88.76,15.271,17.21,25.77
2015,28,West Bengal,East,1,Internet,89.82,21.305,23.72,39.51
2016,28,West Bengal,East,1,Internet,90.9,24.12,26.54,13.21
2017,28,West Bengal,East,1,Internet,91.99,35.996,39.13,49.24
2018,28,West Bengal,East,1,Internet,93.09,40.58,43.59,12.73
2019,28,West Bengal,East,1,Internet,94.21,53.263,56.54,31.25
2020,28,West Bengal,East,1,Internet,95.34,62.007,65.04,16.42
2021,28,West Bengal,East,1,Internet,96.48,75.498,78.25,21.76
2022,28,West Bengal,East,1,Internet,97.64,80.682,82.63,6.87
2023,28,West Bengal,East,1,Internet,98.81,83.992,85.0,4.1
2024,28,West Bengal,East,1,Internet,100.0,85.0,85.0,1.2
2010,28,West Bengal,East,2,Mobile,84.62,40.273,47.59,
2011,28,West Bengal,East,2,Mobile,85.64,47.14,55.05,17.05
2012,28,West Bengal,East,2,Mobile,86.66,54.65,63.06,15.93
2013,28,West Bengal,East,2,Mobile,87.7,63.093,71.94,15.45
2014,28,West Bengal,East,2,Mobile,88.76,73.156,82.42,15.95
2015,28,West Bengal,East,2,Mobile,89.82,71.003,79.05,-2.94
2016,28,West Bengal,East,2,Mobile,90.9,82.146,90.37,15.69
2017,28,West Bengal,East,2,Mobile,91.99,85.018,92.42,3.5
2018,28,West Bengal,East,2,Mobile,93.09,95.527,102.62,12.36
2019,28,West Bengal,East,2,Mobile,94.21,99.367,105.47,4.02
2020,28,West Bengal,East,2,Mobile,95.34,91.51,95.98,-7.91
2021,28,West Bengal,East,2,Mobile,96.48,101.755,105.46,11.2
2022,28,West Bengal,East,2,Mobile,97.64,95.835,98.15,-5.82
2023,28,West Bengal,East,2,Mobile,98.81,103.155,104.39,7.64
2024,28,West Bengal,East,2,Mobile,100.0,98.683,98.68,-4.34
2010,28,West Bengal,East,3,Telephone,84.62,2.368,2.8,
2011,28,West Bengal,East,3,Telephone,85.64,2.372,2.77,0.17
2012,28,West Bengal,East,3,Telephone,86.66,2.222,2.56,-6.32
2013,28,West Bengal,East,3,Telephone,87.7,1.924,2.19,-13.41
2014,28,West Bengal,East,3,Telephone,88.76,1.784,2.01,-7.28
2015,28,West Bengal,East,3,Telephone,89.82,1.585,1.76,-11.15
2016,28,West Bengal,East,3,Telephone,90.9,1.501,1.65,-5.3
2017,28,West Bengal,East,3,Telephone,91.99,1.506,1.64,0.33
2018,28,West Bengal,East,3,Telephone,93.09,1.349,1.45,-10.42
2019,28,West Bengal,East,3,Telephone,94.21,1.255,1.33,-6.97
2020,28,West Bengal,East,3,Telephone,95.34,1.032,1.08,-17.77
2021,28,West Bengal,East,3,Telephone,96.48,1.1,1.14,6.59
2022,28,West Bengal,East,3,Telephone,97.64,0.924,0.95,-16.0
2023,28,West Bengal,East,3,Telephone,98.81,0.896,0.91,-3.03
2024,28,West Bengal,East,3,Telephone,100.0,0.909,0.91,1.45
2010,29,Delhi,North,1,Internet,27.92,2.219,7.95,
2011,29,Delhi,North,1,Internet,28.26,3.125,11.06,40.83
2012,29,Delhi,North,1,Internet,28.6,4.058,14.19,29.86
2013,29,Delhi,North,1,Internet,28.94,5.078,17.54,25.14
2014,29,Delhi,North,1,Internet,29.29,7.069,24.13,39.21
2015,29,Delhi,North,1,Internet,29.64,8.018,27.05,13.42
2016,29,Delhi,North,1,Internet,30.0,10.499,35.0,30.94
2017,29,Delhi,North,1,Internet,30.36,14.996,49.4,42.83
2018,29,Delhi,North,1,Internet,30.72,17.741,57.75,18.3
2019,29,Delhi,North,1,Internet,31.09,21.28,68.45,19.95
2020,29,Delhi,North,1,Internet,31.46,25.528,81.14,19.96
2021,29,Delhi,North,1,Internet,31.84,27.064,85.0,6.02
2022,29,Delhi,North,1,Internet,32.22,27.389,85.0,1.2
2023,29,Delhi,North,1,Internet,32.61,27.717,85.0,1.2
2024,29,Delhi,North,1,Internet,33.0,28.05,85.0,1.2
2010,29,Delhi,North,2,Mobile,27.92,19.308,69.14,
2011,29,Delhi,North,2,Mobile,28.26,19.257,68.14,-0.26
2012,29,Delhi,North,2,Mobile,28.6,23.518,82.24,22.13
2013,29,Delhi,North,2,Mobile,28.94,27.183,93.92,15.58
2014,29,Delhi,North,2,Mobile,29.29,26.86,91.71,-1.19
2015,29,Delhi,North,2,Mobile,29.64,30.384,102.51,13.12
2016,29,Delhi,North,2,Mobile,30.0,34.244,114.16,12.7
2017,29,Delhi,North,2,Mobile,30.36,36.812,121.27,7.5
2018,29,Delhi,North,2,Mobile,30.72,38.633,125.76,4.95
2019,29,Delhi,North,2,Mobile,31.09,37.213,119.7,-3.68
2020,29,Delhi,North,2,Mobile,31.46,39.09,124.24,5.04
2021,29,Delhi,North,2,Mobile,31.84,41.392,130.0,5.89
2022,29,Delhi,North,2,Mobile,32.22,40.838,126.74,-1.34
2023,29,Delhi,North,2,Mobile,32.61,41.211,126.38,0.91
2024,29,Delhi,North,2,Mobile,33.0,42.9,130.0,4.1
2010,29,Delhi,North,3,Telephone,27.92,0.953,3.41,
2011,29,Delhi,North,3,Telephone,28.26,0.88,3.12,-7.66
2012,29,Delhi,North,3,Telephone,28.6,0.9,3.15,2.27
2013,29,Delhi,North,3,Telephone,28.94,0.884,3.05,-1.78
2014,29,Delhi,North,3,Telephone,29.29,0.771,2.63,-12.78
2015,29,Delhi,North,3,Telephone,29.64,0.765,2.58,-0.78
2016,29,Delhi,North,3,Telephone,30.0,0.667,2.22,-12.81
2017,29,Delhi,North,3,Telephone,30.36,0.551,1.82,-17.39
2018,29,Delhi,North,3,Telephone,30.72,0.515,1.68,-6.53
2019,29,Delhi,North,3,Telephone,31.09,0.48,1.54,-6.8
2020,29,Delhi,North,3,Telephone,31.46,0.481,1.53,0.21
2021,29,Delhi,North,3,Telephone,31.84,0.427,1.34,-11.23
2022,29,Delhi,North,3,Telephone,32.22,0.429,1.33,0.47
2023,29,Delhi,North,3,Telephone,32.61,0.43,1.32,0.23
2024,29,Delhi,North,3,Telephone,33.0,0.396,1.2,-7.91
2010,30,Jammu & Kashmir,North,1,Internet,11.42,0.998,8.74,
2011,30,Jammu & Kashmir,North,1,Internet,11.56,1.255,10.85,25.75
2012,30,Jammu & Kashmir,North,1,Internet,11.7,1.796,15.35,43.11
2013,30,Jammu & Kashmir,North,1,Internet,11.84,2.133,18.01,18.76
2014,30,Jammu & Kashmir,North,1,Internet,11.98,2.87,23.96,34.55
2015,30,Jammu & Kashmir,North,1,Internet,12.13,3.36,27.71,17.07
2016,30,Jammu & Kashmir,North,1,Internet,12.27,4.351,35.46,29.49
2017,30,Jammu & Kashmir,North,1,Internet,12.42,5.64,45.42,29.63
2018,30,Jammu & Kashmir,North,1,Internet,12.57,7.463,59.38,32.32
2019,30,Jammu & Kashmir,North,1,Internet,12.72,8.531,67.08,14.31
2020,30,Jammu & Kashmir,North,1,Internet,12.87,10.874,84.48,27.46
2021,30,Jammu & Kashmir,North,1,Internet,13.03,11.072,85.0,1.82
2022,30,Jammu & Kashmir,North,1,Internet,13.18,11.204,85.0,1.19
2023,30,Jammu & Kashmir,North,1,Internet,13.34,11.339,85.0,1.2
2024,30,Jammu & Kashmir,North,1,Internet,13.5,11.475,85.0,1.2
2010,30,Jammu & Kashmir,North,2,Mobile,11.42,7.798,68.26,
2011,30,Jammu & Kashmir,North,2,Mobile,11.56,8.976,77.64,15.11
2012,30,Jammu & Kashmir,North,2,Mobile,11.7,9.726,83.13,8.36
2013,30,Jammu & Kashmir,North,2,Mobile,11.84,11.032,93.17,13.43
2014,30,Jammu & Kashmir,North,2,Mobile,11.98,11.068,92.37,0.33
2015,30,Jammu & Kashmir,North,2,Mobile,12.13,12.259,101.1,10.76
2016,30,Jammu & Kashmir,North,2,Mobile,12.27,15.078,122.87,23.0
2017,30,Jammu & Kashmir,North,2,Mobile,12.42,15.609,125.69,3.52
2018,30,Jammu & Kashmir,North,2,Mobile,12.57,15.899,126.51,1.86
2019,30,Jammu & Kashmir,North,2,Mobile,12.72,16.534,130.0,3.99
2020,30,Jammu & Kashmir,North,2,Mobile,12.87,16.173,125.65,-2.18
2021,30,Jammu & Kashmir,North,2,Mobile,13.03,16.141,123.92,-0.2
2022,30,Jammu & Kashmir,North,2,Mobile,13.18,17.136,130.0,6.16
2023,30,Jammu & Kashmir,North,2,Mobile,13.34,17.342,130.0,1.2
2024,30,Jammu & Kashmir,North,2,Mobile,13.5,17.55,130.0,1.2
2010,30,Jammu & Kashmir,North,3,Telephone,11.42,0.4,3.5,
2011,30,Jammu & Kashmir,North,3,Telephone,11.56,0.361,3.12,-9.75
2012,30,Jammu & Kashmir,North,3,Telephone,11.7,0.381,3.25,5.54
2013,30,Jammu & Kashmir,North,3,Telephone,11.84,0.343,2.9,-9.97
2014,30,Jammu & Kashmir,North,3,Telephone,11.98,0.294,2.45,-14.29
2015,30,Jammu & Kashmir,North,3,Telephone,12.13,0.308,2.54,4.76
2016,30,Jammu & Kashmir,North,3,Telephone,12.27,0.261,2.13,-15.26
2017,30,Jammu & Kashmir,North,3,Telephone,12.42,0.251,2.02,-3.83
2018,30,Jammu & Kashmir,North,3,Telephone,12.57,0.234,1.86,-6.77
2019,30,Jammu & Kashmir,North,3,Telephone,12.72,0.226,1.78,-3.42
2020,30,Jammu & Kashmir,North,3,Telephone,12.87,0.2,1.56,-11.5
2021,30,Jammu & Kashmir,North,3,Telephone,13.03,0.176,1.35,-12.0
2022,30,Jammu & Kashmir,North,3,Telephone,13.18,0.178,1.35,1.14
2023,30,Jammu & Kashmir,North,3,Telephone,13.34,0.16,1.2,-10.11
2024,30,Jammu & Kashmir,North,3,Telephone,13.5,0.145,1.08,-9.38
2010,31,Ladakh,North,1,Internet,0.25,0.022,8.73,
2011,31,Ladakh,North,1,Internet,0.26,0.03,11.54,36.36
2012,31,Ladakh,North,1,Internet,0.26,0.04,15.36,33.33
2013,31,Ladakh,North,1,Internet,0.26,0.048,18.42,20.0
2014,31,Ladakh,North,1,Internet,0.27,0.063,23.55,31.25
2015,31,Ladakh,North,1,Internet,0.27,0.073,27.17,15.87
2016,31,Ladakh,North,1,Internet,0.27,0.096,35.22,31.51
2017,31,Ladakh,North,1,Internet,0.28,0.125,45.41,30.21
2018,31,Ladakh,North,1,Internet,0.28,0.159,57.0,27.2
2019,31,Ladakh,North,1,Internet,0.28,0.199,70.29,25.16
2020,31,Ladakh,North,1,Internet,0.29,0.223,78.06,12.06
2021,31,Ladakh,North,1,Internet,0.29,0.246,85.0,10.31
2022,31,Ladakh,North,1,Internet,0.29,0.249,85.0,1.22
2023,31,Ladakh,North,1,Internet,0.3,0.252,85.0,1.2
2024,31,Ladakh,North,1,Internet,0.3,0.255,85.0,1.19
2010,31,Ladakh,North,2,Mobile,0.25,0.17,66.83,
2011,31,Ladakh,North,2,Mobile,0.26,0.19,73.76,11.76
2012,31,Ladakh,North,2,Mobile,0.26,0.212,81.47,11.58
2013,31,Ladakh,North,2,Mobile,0.26,0.255,97.09,20.28
2014,31,Ladakh,North,2,Mobile,0.27,0.269,101.08,5.49
2015,31,Ladakh,North,2,Mobile,0.27,0.298,110.61,10.78
2016,31,Ladakh,North,2,Mobile,0.27,0.298,109.39,0.0
2017,31,Ladakh,North,2,Mobile,0.28,0.35,126.93,17.45
2018,31,Ladakh,North,2,Mobile,0.28,0.363,130.0,3.71
2019,31,Ladakh,North,2,Mobile,0.28,0.357,126.45,-1.65
2020,31,Ladakh,North,2,Mobile,0.29,0.371,129.7,3.92
2021,31,Ladakh,North,2,Mobile,0.29,0.376,130.0,1.35
2022,31,Ladakh,North,2,Mobile,0.29,0.373,127.31,-0.8
2023,31,Ladakh,North,2,Mobile,0.3,0.385,130.0,3.22
2024,31,Ladakh,North,2,Mobile,0.3,0.39,130.0,1.3
2010,31,Ladakh,North,3,Telephone,0.25,0.009,3.49,
2011,31,Ladakh,North,3,Telephone,0.26,0.009,3.5,0.0
2012,31,Ladakh,North,3,Telephone,0.26,0.008,2.99,-11.11
2013,31,Ladakh,North,3,Telephone,0.26,0.007,2.75,-12.5
2014,31,Ladakh,North,3,Telephone,0.27,0.007,2.74,0.0
2015,31,Ladakh,North,3,Telephone,0.27,0.007,2.55,0.0
2016,31,Ladakh,North,3,Telephone,0.27,0.006,2.35,-14.29
2017,31,Ladakh,North,3,Telephone,0.28,0.005,1.97,-16.67
2018,31,Ladakh,North,3,Telephone,0.28,0.005,1.78,0.0
2019,31,Ladakh,North,3,Telephone,0.28,0.005,1.68,0.0
2020,31,Ladakh,North,3,Telephone,0.29,0.005,1.63,0.0
2021,31,Ladakh,North,3,Telephone,0.29,0.004,1.37,-20.0
2022,31,Ladakh,North,3,Telephone,0.29,0.004,1.4,0.0
2023,31,Ladakh,North,3,Telephone,0.3,0.003,1.15,-25.0
2024,31,Ladakh,North,3,Telephone,0.3,0.003,1.13,0.0
2010,32,Puducherry,South,1,Internet,1.27,0.125,9.87,
2011,32,Puducherry,South,1,Internet,1.28,0.166,12.89,32.8
2012,32,Puducherry,South,1,Internet,1.3,0.202,15.53,21.69
2013,32,Puducherry,South,1,Internet,1.32,0.278,21.17,37.62
2014,32,Puducherry,South,1,Internet,1.33,0.367,27.53,32.01
2015,32,Puducherry,South,1,Internet,1.35,0.421,31.27,14.71
2016,32,Puducherry,South,1,Internet,1.36,0.534,39.2,26.84
2017,32,Puducherry,South,1,Internet,1.38,0.695,50.37,30.15
2018,32,Puducherry,South,1,Internet,1.4,1.008,72.19,45.04
2019,32,Puducherry,South,1,Internet,1.41,1.044,73.84,3.57
2020,32,Puducherry,South,1,Internet,1.43,1.216,85.0,16.48
2021,32,Puducherry,South,1,Internet,1.45,1.23,85.0,1.15
2022,32,Puducherry,South,1,Internet,1.46,1.245,85.0,1.22
2023,32,Puducherry,South,1,Internet,1.48,1.26,85.0,1.2
2024,32,Puducherry,South,1,Internet,1.5,1.275,85.0,1.19
2010,32,Puducherry,South,2,Mobile,1.27,0.941,74.17,
2011,32,Puducherry,South,2,Mobile,1.28,1.115,86.78,18.49
2012,32,Puducherry,South,2,Mobile,1.3,1.128,86.8,1.17
2013,32,Puducherry,South,2,Mobile,1.32,1.356,103.08,20.21
2014,32,Puducherry,South,2,Mobile,1.33,1.518,114.04,11.95
2015,32,Puducherry,South,2,Mobile,1.35,1.535,113.96,1.12
2016,32,Puducherry,South,2,Mobile,1.36,1.773,130.0,15.5
2017,32,Puducherry,South,2,Mobile,1.38,1.77,128.25,-0.17
2018,32,Puducherry,South,2,Mobile,1.4,1.815,130.0,2.54
2019,32,Puducherry,South,2,Mobile,1.41,1.837,130.0,1.21
2020,32,Puducherry,South,2,Mobile,1.43,1.859,130.0,1.2
2021,32,Puducherry,South,2,Mobile,1.45,1.881,130.0,1.18
2022,32,Puducherry,South,2,Mobile,1.46,1.904,130.0,1.22
2023,32,Puducherry,South,2,Mobile,1.48,1.927,130.0,1.21
2024,32,Puducherry,South,2,Mobile,1.5,1.95,130.0,1.19
2010,32,Puducherry,South,3,Telephone,1.27,0.044,3.5,
2011,32,Puducherry,South,3,Telephone,1.28,0.045,3.5,2.27
2012,32,Puducherry,South,3,Telephone,1.3,0.045,3.5,0.0
2013,32,Puducherry,South,3,Telephone,1.32,0.046,3.46,2.22
2014,32,Puducherry,South,3,Telephone,1.33,0.042,3.18,-8.7
2015,32,Puducherry,South,3,Telephone,1.35,0.035,2.62,-16.67
2016,32,Puducherry,South,3,Telephone,1.36,0.036,2.65,2.86
2017,32,Puducherry,South,3,Telephone,1.38,0.031,2.22,-13.89
2018,32,Puducherry,South,3,Telephone,1.4,0.029,2.04,-6.45
2019,32,Puducherry,South,3,Telephone,1.41,0.029,2.03,0.0
2020,32,Puducherry,South,3,Telephone,1.43,0.026,1.84,-10.34
2021,32,Puducherry,South,3,Telephone,1.45,0.023,1.59,-11.54
2022,32,Puducherry,South,3,Telephone,1.46,0.022,1.52,-4.35
2023,32,Puducherry,South,3,Telephone,1.48,0.02,1.36,-9.09
2024,32,Puducherry,South,3,Telephone,1.5,0.02,1.36,0.0
2010,33,Chandigarh,North,1,Internet,1.02,0.09,8.87,
2011,33,Chandigarh,North,1,Internet,1.03,0.113,11.04,25.56
2012,33,Chandigarh,North,1,Internet,1.04,0.155,14.88,37.17
2013,33,Chandigarh,North,1,Internet,1.05,0.197,18.68,27.1
2014,33,Chandigarh,North,1,Internet,1.07,0.261,24.46,32.49
2015,33,Chandigarh,North,1,Internet,1.08,0.333,30.87,27.59
2016,33,Chandigarh,North,1,Internet,1.09,0.387,35.44,16.22
2017,33,Chandigarh,North,1,Internet,1.1,0.541,49.01,39.79
2018,33,Chandigarh,North,1,Internet,1.12,0.717,64.15,32.53
2019,33,Chandigarh,North,1,Internet,1.13,0.781,69.08,8.93
2020,33,Chandigarh,North,1,Internet,1.14,0.954,83.38,22.15
2021,33,Chandigarh,North,1,Internet,1.16,0.984,85.0,3.14
2022,33,Chandigarh,North,1,Internet,1.17,0.996,85.0,1.22
2023,33,Chandigarh,North,1,Internet,1.19,1.008,85.0,1.2
2024,33,Chandigarh,North,1,Internet,1.2,1.02,85.0,1.19
2010,33,Chandigarh,North,2,Mobile,1.02,0.627,61.71,
2011,33,Chandigarh,North,2,Mobile,1.03,0.804,78.27,28.23
2012,33,Chandigarh,North,2,Mobile,1.04,0.904,86.96,12.44
2013,33,Chandigarh,North,2,Mobile,1.05,0.958,91.04,5.97
2014,33,Chandigarh,North,2,Mobile,1.07,1.066,100.12,11.27
2015,33,Chandigarh,North,2,Mobile,1.08,1.187,110.16,11.35
2016,33,Chandigarh,North,2,Mobile,1.09,1.277,117.08,7.58
2017,33,Chandigarh,North,2,Mobile,1.1,1.243,112.56,-2.66
2018,33,Chandigarh,North,2,Mobile,1.12,1.3,116.34,4.59
2019,33,Chandigarh,North,2,Mobile,1.13,1.47,130.0,13.08
2020,33,Chandigarh,North,2,Mobile,1.14,1.487,130.0,1.16
2021,33,Chandigarh,North,2,Mobile,1.16,1.505,130.0,1.21
2022,33,Chandigarh,North,2,Mobile,1.17,1.523,130.0,1.2
2023,33,Chandigarh,North,2,Mobile,1.19,1.542,130.0,1.25
2024,33,Chandigarh,North,2,Mobile,1.2,1.517,126.42,-1.62
2010,33,Chandigarh,North,3,Telephone,1.02,0.036,3.5,
2011,33,Chandigarh,North,3,Telephone,1.03,0.033,3.17,-8.33
2012,33,Chandigarh,North,3,Telephone,1.04,0.035,3.32,6.06
2013,33,Chandigarh,North,3,Telephone,1.05,0.031,2.94,-11.43
2014,33,Chandigarh,North,3,Telephone,1.07,0.026,2.44,-16.13
2015,33,Chandigarh,North,3,Telephone,1.08,0.027,2.46,3.85
2016,33,Chandigarh,North,3,Telephone,1.09,0.023,2.15,-14.81
2017,33,Chandigarh,North,3,Telephone,1.1,0.022,2.02,-4.35
2018,33,Chandigarh,North,3,Telephone,1.12,0.022,1.93,0.0
2019,33,Chandigarh,North,3,Telephone,1.13,0.02,1.73,-9.09
2020,33,Chandigarh,North,3,Telephone,1.14,0.018,1.61,-10.0
2021,33,Chandigarh,North,3,Telephone,1.16,0.017,1.45,-5.56
2022,33,Chandigarh,North,3,Telephone,1.17,0.016,1.36,-5.88
2023,33,Chandigarh,North,3,Telephone,1.19,0.014,1.16,-12.5
2024,33,Chandigarh,North,3,Telephone,1.2,0.014,1.13,0.0
2010,34,Andaman & Nicobar,South,1,Internet,0.34,0.031,9.17,
2011,34,Andaman & Nicobar,South,1,Internet,0.34,0.043,12.43,38.71
2012,34,Andaman & Nicobar,South,1,Internet,0.35,0.056,16.07,30.23
2013,34,Andaman & Nicobar,South,1,Internet,0.35,0.074,20.97,32.14
2014,34,Andaman & Nicobar,South,1,Internet,0.36,0.093,26.1,25.68
2015,34,Andaman & Nicobar,South,1,Internet,0.36,0.118,32.91,26.88
2016,34,Andaman & Nicobar,South,1,Internet,0.36,0.149,41.12,26.27
2017,34,Andaman & Nicobar,South,1,Internet,0.37,0.203,55.07,36.24
2018,34,Andaman & Nicobar,South,1,Internet,0.37,0.262,70.36,29.06
2019,34,Andaman & Nicobar,South,1,Internet,0.38,0.32,85.0,22.14
2020,34,Andaman & Nicobar,South,1,Internet,0.38,0.324,85.0,1.25
2021,34,Andaman & Nicobar,South,1,Internet,0.39,0.328,85.0,1.23
2022,34,Andaman & Nicobar,South,1,Internet,0.39,0.332,85.0,1.22
2023,34,Andaman & Nicobar,South,1,Internet,0.4,0.336,85.0,1.2
2024,34,Andaman & Nicobar,South,1,Internet,0.4,0.34,85.0,1.19
2010,34,Andaman & Nicobar,South,2,Mobile,0.34,0.25,73.75,
2011,34,Andaman & Nicobar,South,2,Mobile,0.34,0.285,83.31,14.0
2012,34,Andaman & Nicobar,South,2,Mobile,0.35,0.311,89.66,9.12
2013,34,Andaman & Nicobar,South,2,Mobile,0.35,0.373,106.29,19.94
2014,34,Andaman & Nicobar,South,2,Mobile,0.36,0.392,110.34,5.09
2015,34,Andaman & Nicobar,South,2,Mobile,0.36,0.435,121.1,10.97
2016,34,Andaman & Nicobar,South,2,Mobile,0.36,0.463,127.26,6.44
2017,34,Andaman & Nicobar,South,2,Mobile,0.37,0.478,130.0,3.24
2018,34,Andaman & Nicobar,South,2,Mobile,0.37,0.484,130.0,1.26
2019,34,Andaman & Nicobar,South,2,Mobile,0.38,0.49,130.0,1.24
2020,34,Andaman & Nicobar,South,2,Mobile,0.38,0.496,130.0,1.22
2021,34,Andaman & Nicobar,South,2,Mobile,0.39,0.502,130.0,1.21
2022,34,Andaman & Nicobar,South,2,Mobile,0.39,0.508,130.0,1.2
2023,34,Andaman & Nicobar,South,2,Mobile,0.4,0.514,130.0,1.18
2024,34,Andaman & Nicobar,South,2,Mobile,0.4,0.52,130.0,1.17
2010,34,Andaman & Nicobar,South,3,Telephone,0.34,0.012,3.5,
2011,34,Andaman & Nicobar,South,3,Telephone,0.34,0.012,3.5,0.0
2012,34,Andaman & Nicobar,South,3,Telephone,0.35,0.011,3.28,-8.33
2013,34,Andaman & Nicobar,South,3,Telephone,0.35,0.012,3.34,9.09
2014,34,Andaman & Nicobar,South,3,Telephone,0.36,0.011,3.17,-8.33
2015,34,Andaman & Nicobar,South,3,Telephone,0.36,0.009,2.51,-18.18
2016,34,Andaman & Nicobar,South,3,Telephone,0.36,0.009,2.44,0.0
2017,34,Andaman & Nicobar,South,3,Telephone,0.37,0.008,2.28,-11.11
2018,34,Andaman & Nicobar,South,3,Telephone,0.37,0.008,2.11,0.0
2019,34,Andaman & Nicobar,South,3,Telephone,0.38,0.007,1.79,-12.5
2020,34,Andaman & Nicobar,South,3,Telephone,0.38,0.007,1.83,0.0
2021,34,Andaman & Nicobar,South,3,Telephone,0.39,0.006,1.49,-14.29
2022,34,Andaman & Nicobar,South,3,Telephone,0.39,0.005,1.39,-16.67
2023,34,Andaman & Nicobar,South,3,Telephone,0.4,0.005,1.35,0.0
2024,34,Andaman & Nicobar,South,3,Telephone,0.4,0.005,1.33,0.0
2010,35,Dadra & Nagar Haveli,West,1,Internet,0.51,0.042,8.36,
2011,35,Dadra & Nagar Haveli,West,1,Internet,0.51,0.058,11.22,38.1
2012,35,Dadra & Nagar Haveli,West,1,Internet,0.52,0.074,14.32,27.59
2013,35,Dadra & Nagar Haveli,West,1,Internet,0.53,0.1,19.05,35.14
2014,35,Dadra & Nagar Haveli,West,1,Internet,0.53,0.13,24.41,30.0
2015,35,Dadra & Nagar Haveli,West,1,Internet,0.54,0.162,30.11,24.62
2016,35,Dadra & Nagar Haveli,West,1,Internet,0.55,0.196,35.98,20.99
2017,35,Dadra & Nagar Haveli,West,1,Internet,0.55,0.281,50.84,43.37
2018,35,Dadra & Nagar Haveli,West,1,Internet,0.56,0.332,59.4,18.15
2019,35,Dadra & Nagar Haveli,West,1,Internet,0.57,0.409,72.27,23.19
2020,35,Dadra & Nagar Haveli,West,1,Internet,0.57,0.482,84.23,17.85
2021,35,Dadra & Nagar Haveli,West,1,Internet,0.58,0.492,85.0,2.07
2022,35,Dadra & Nagar Haveli,West,1,Internet,0.59,0.498,85.0,1.22
2023,35,Dadra & Nagar Haveli,West,1,Internet,0.59,0.504,85.0,1.2
2024,35,Dadra & Nagar Haveli,West,1,Internet,0.6,0.51,85.0,1.19
2010,35,Dadra & Nagar Haveli,West,2,Mobile,0.51,0.357,70.22,
2011,35,Dadra & Nagar Haveli,West,2,Mobile,0.51,0.392,76.21,9.8
2012,35,Dadra & Nagar Haveli,West,2,Mobile,0.52,0.461,88.75,17.6
2013,35,Dadra & Nagar Haveli,West,2,Mobile,0.53,0.518,98.4,12.36
2014,35,Dadra & Nagar Haveli,West,2,Mobile,0.53,0.53,99.47,2.32
2015,35,Dadra & Nagar Haveli,West,2,Mobile,0.54,0.632,117.25,19.25
2016,35,Dadra & Nagar Haveli,West,2,Mobile,0.55,0.665,121.91,5.22
2017,35,Dadra & Nagar Haveli,West,2,Mobile,0.55,0.718,130.0,7.97
2018,35,Dadra & Nagar Haveli,West,2,Mobile,0.56,0.699,125.06,-2.65
2019,35,Dadra & Nagar Haveli,West,2,Mobile,0.57,0.735,130.0,5.15
2020,35,Dadra & Nagar Haveli,West,2,Mobile,0.57,0.744,130.0,1.22
2021,35,Dadra & Nagar Haveli,West,2,Mobile,0.58,0.753,130.0,1.21
2022,35,Dadra & Nagar Haveli,West,2,Mobile,0.59,0.762,130.0,1.2
2023,35,Dadra & Nagar Haveli,West,2,Mobile,0.59,0.771,130.0,1.18
2024,35,Dadra & Nagar Haveli,West,2,Mobile,0.6,0.78,130.0,1.17
2010,35,Dadra & Nagar Haveli,West,3,Telephone,0.51,0.018,3.5,
2011,35,Dadra & Nagar Haveli,West,3,Telephone,0.51,0.017,3.28,-5.56
2012,35,Dadra & Nagar Haveli,West,3,Telephone,0.52,0.016,3.07,-5.88
2013,35,Dadra & Nagar Haveli,West,3,Telephone,0.53,0.015,2.83,-6.25
2014,35,Dadra & Nagar Haveli,West,3,Telephone,0.53,0.016,2.96,6.67
2015,35,Dadra & Nagar Haveli,West,3,Telephone,0.54,0.014,2.52,-12.5
2016,35,Dadra & Nagar Haveli,West,3,Telephone,0.55,0.013,2.45,-7.14
2017,35,Dadra & Nagar Haveli,West,3,Telephone,0.55,0.012,2.19,-7.69
2018,35,Dadra & Nagar Haveli,West,3,Telephone,0.56,0.011,1.91,-8.33
2019,35,Dadra & Nagar Haveli,West,3,Telephone,0.57,0.01,1.84,-9.09
2020,35,Dadra & Nagar Haveli,West,3,Telephone,0.57,0.009,1.65,-10.0
2021,35,Dadra & Nagar Haveli,West,3,Telephone,0.58,0.008,1.45,-11.11
2022,35,Dadra & Nagar Haveli,West,3,Telephone,0.59,0.008,1.39,0.0
2023,35,Dadra & Nagar Haveli,West,3,Telephone,0.59,0.007,1.22,-12.5
2024,35,Dadra & Nagar Haveli,West,3,Telephone,0.6,0.007,1.16,0.0
2010,36,Lakshadweep,South,1,Internet,0.06,0.005,8.77,
2011,36,Lakshadweep,South,1,Internet,0.06,0.008,12.87,60.0
2012,36,Lakshadweep,South,1,Internet,0.06,0.01,16.12,25.0
2013,36,Lakshadweep,South,1,Internet,0.06,0.014,22.23,40.0
2014,36,Lakshadweep,South,1,Internet,0.06,0.016,25.85,14.29
2015,36,Lakshadweep,South,1,Internet,0.06,0.021,33.82,31.25
2016,36,Lakshadweep,South,1,Internet,0.06,0.025,39.52,19.05
2017,36,Lakshadweep,South,1,Internet,0.06,0.034,52.41,36.0
2018,36,Lakshadweep,South,1,Internet,0.07,0.047,71.76,38.24
2019,36,Lakshadweep,South,1,Internet,0.07,0.05,76.2,6.38
2020,36,Lakshadweep,South,1,Internet,0.07,0.057,85.0,14.0
2021,36,Lakshadweep,South,1,Internet,0.07,0.057,85.0,0.0
2022,36,Lakshadweep,South,1,Internet,0.07,0.058,85.0,1.75
2023,36,Lakshadweep,South,1,Internet,0.07,0.059,85.0,1.72
2024,36,Lakshadweep,South,1,Internet,0.07,0.06,85.0,1.69
2010,36,Lakshadweep,South,2,Mobile,0.06,0.041,69.28,
2011,36,Lakshadweep,South,2,Mobile,0.06,0.051,84.63,24.39
2012,36,Lakshadweep,South,2,Mobile,0.06,0.058,95.17,13.73
2013,36,Lakshadweep,South,2,Mobile,0.06,0.06,97.48,3.45
2014,36,Lakshadweep,South,2,Mobile,0.06,0.069,111.21,15.0
2015,36,Lakshadweep,South,2,Mobile,0.06,0.082,130.0,18.84
2016,36,Lakshadweep,South,2,Mobile,0.06,0.083,130.0,1.22
2017,36,Lakshadweep,South,2,Mobile,0.06,0.082,127.31,-1.2
2018,36,Lakshadweep,South,2,Mobile,0.07,0.085,130.0,3.66
2019,36,Lakshadweep,South,2,Mobile,0.07,0.086,130.0,1.18
2020,36,Lakshadweep,South,2,Mobile,0.07,0.087,130.0,1.16
2021,36,Lakshadweep,South,2,Mobile,0.07,0.088,130.0,1.15
2022,36,Lakshadweep,South,2,Mobile,0.07,0.089,130.0,1.14
2023,36,Lakshadweep,South,2,Mobile,0.07,0.09,130.0,1.12
2024,36,Lakshadweep,South,2,Mobile,0.07,0.091,130.0,1.11
2010,36,Lakshadweep,South,3,Telephone,0.06,0.002,3.5,
2011,36,Lakshadweep,South,3,Telephone,0.06,0.002,3.5,0.0
2012,36,Lakshadweep,South,3,Telephone,0.06,0.002,3.5,0.0
2013,36,Lakshadweep,South,3,Telephone,0.06,0.002,3.38,0.0
2014,36,Lakshadweep,South,3,Telephone,0.06,0.002,3.1,0.0
2015,36,Lakshadweep,South,3,Telephone,0.06,0.002,2.56,0.0
2016,36,Lakshadweep,South,3,Telephone,0.06,0.002,2.51,0.0
2017,36,Lakshadweep,South,3,Telephone,0.06,0.001,2.09,-50.0
2018,36,Lakshadweep,South,3,Telephone,0.07,0.001,1.98,0.0
2019,36,Lakshadweep,South,3,Telephone,0.07,0.001,1.75,0.0
2020,36,Lakshadweep,South,3,Telephone,0.07,0.001,1.8,0.0
2021,36,Lakshadweep,South,3,Telephone,0.07,0.001,1.7,0.0
2022,36,Lakshadweep,South,3,Telephone,0.07,0.001,1.44,0.0
2023,36,Lakshadweep,South,3,Telephone,0.07,0.001,1.51,0.0
2024,36,Lakshadweep,South,3,Telephone,0.07,0.001,1.37,0.0
